gmag,ra,dec,plx,bp_rp,lum_val,teff_val,radius_val
15.684173,58.45209641024671,23.485778193170404,3.4866299261260667,2.1924276,0.062332526,3797.0,0.57693756
7.4981666,55.930095532879015,25.0805015068784,8.027063450746246,0.18891335,,8337.333,
16.102013,57.17084229066591,23.237979114981755,8.509836138095356,3.116683,,3838.1667,
12.923352,56.99900482385139,24.731092856679197,6.493298083217951,1.5911531,0.15626729,4456.165,0.66322994
16.45421,55.86575939894856,24.270604215586683,2.6750747340243386,2.3462887,0.050943777,3830.01,0.51262337
17.576437,56.24788638293818,23.354886923847165,7.922717010815485,3.2170334,,,
18.08716,56.933602852954905,24.065484217996406,3.298008664972612,2.0310574,,,
12.179868,55.67669285857913,23.50264426061002,8.29417601215028,1.3694553,0.16585155,4861.035,0.574189
17.113106,54.989067330579694,23.328258444058307,8.294879839935328,3.1361294,,,
16.721306,55.33283510461802,25.113504736407634,8.240225718630805,2.951972,,4581.62,
14.584626,55.78654090030755,23.25183762506102,4.447532032901411,1.8732138,0.085902296,4112.1074,0.5774656
3.6412394,56.21900085855238,24.113139092719965,8.704054073446402,-0.088436365,,9329.667,
4.236967,56.30215999021132,24.467069848624895,8.969055820031802,-0.11660576,,9164.0,
18.33805,55.799085283972964,25.525408621467204,8.325765049009709,3.4552116,,,
15.031692,57.50659155519084,25.400299360376373,8.547721421020928,2.5932522,,3466.25,
4.090774,56.58166915528608,23.948150194852293,9.478144377901161,-0.02794981,,9145.333,
9.9920635,56.54194201255162,23.339798078375935,8.131807477293217,0.80635834,1.1342697,5775.0,1.0639148
9.312448,56.422574033237105,24.28839747922854,7.762786109484023,0.7296572,2.3001885,6020.8667,1.3938509
8.538714,56.552968962860604,23.128324661134517,12.674684102977416,0.75563335,1.7630941,5969.3335,1.2414771
10.568231,56.017790698518866,24.9896235104989,7.675576054490252,0.87180996,0.76424956,5518.0,0.9565482
8.005559,56.35902448304342,24.034951235343783,7.384428664141677,0.31556606,8.66476,7696.0,1.6557729
15.346717,55.8624419767268,24.452584367616947,6.182353940606552,2.757516,,4021.8826,
8.112242,56.10725619560783,24.394503667295428,7.9522911435718795,0.38979816,6.634721,7291.85,1.6139442
16.676153,56.51536128705478,25.87452490007649,7.984248962311634,3.0668116,,3642.9402,
16.824377,56.11465573429059,24.23791792464642,8.118984850366255,2.9782143,,4387.69,
13.302774,56.11385207609108,24.84376374321564,7.584187079369021,2.0216541,0.12242076,3744.6934,0.8312806
13.31963,57.03204486101981,25.315093199707636,7.607815272661129,1.7250109,0.08632085,4267.0,0.5376074
18.993423,56.70237978219463,23.165865324224516,7.407238056591665,3.5701103,,,
16.287066,57.48657862953137,25.372806267395163,8.654446967343581,2.7120495,,3847.32,
12.900635,56.116789536877434,24.171349848235792,8.992966129676228,1.6759357,0.091391325,4256.0,0.5560347
17.203575,55.4680666611647,24.69916622963567,8.032535154100824,3.1700697,,,
17.134892,57.91290232855274,23.36773673546943,8.236081363563608,3.1198816,,,
18.792948,56.09692029073386,25.6456622868512,8.34671238465436,3.956293,,,
11.8450365,56.05315825086265,24.03159793439591,7.037055815377483,1.2904806,0.30697253,4948.6133,0.753764
14.103501,55.57874349775856,23.989328604861342,4.608275310353782,1.7378521,0.11685198,4224.947,0.63801104
15.142637,55.79070301958631,24.69232059595773,7.585667115379353,2.6377316,,3906.6497,
14.174072,56.474154543657825,24.468913197940353,10.735933369354736,2.4659548,0.035288427,3408.0,0.53885216
8.635171,56.64521253254737,25.84366469038482,6.410912706560451,0.4993515,6.2493443,6906.455,1.7460613
13.58171,57.39555212693745,23.454464951187536,6.660031089233904,1.8976984,0.10906695,3919.0,0.71638864
5.1857038,57.2968277114558,24.13650490690607,7.722945189443285,-0.043393612,,9438.0,
15.746865,55.01510180526755,24.500640087134094,8.03524214191262,2.709834,,3560.0,
18.189053,56.45598923747825,23.951474630713484,7.571576060017427,2.2930508,,,
19.731743,56.42203490128161,23.90257887403698,7.444402281514574,1.6384544,,,
13.545067,58.093862068053156,23.644669784186558,7.877838579149136,1.8461952,0.0787066,3954.71,0.59762526
18.58027,57.14668770103188,22.89491452075718,6.938664109943078,2.8851128,,,
14.508764,57.10859117977482,25.24449719661476,7.507984618885475,2.2244005,,3792.8625,
17.232534,57.21119075670162,23.074868545466423,7.74479307680892,3.223445,,,
15.011136,57.82951995920611,24.17013182571654,7.669624456945107,2.489458,,3476.25,
9.967809,57.491180505717836,23.84795414750346,7.262145480765203,,,,
13.971644,56.870065657687704,22.376429914139393,6.934395534785454,2.090582,0.0812063,3706.6667,0.69100374
16.065794,57.42804185142256,24.318575009079925,7.388972892374284,3.0133867,,4287.5835,
16.24579,58.44830553650743,23.74174841164804,7.907512122187575,2.95463,,4095.52,
17.456938,56.13412078669038,25.136600953942622,7.575432002710872,3.0992317,,,
17.594662,57.493137626665046,25.105677149304096,7.428027499065508,3.2687092,,,
15.366779,56.03026858483428,22.92844874282634,0.926216090952968,1.0934544,0.67071784,5093.607,1.0516512
17.586649,55.87463442926563,24.656403288466574,7.590752933668959,3.156273,,,
18.277685,56.113344079335704,24.844961144700033,7.385471109344804,3.0548725,,,
12.989554,56.20917049772812,24.91091690461163,7.445933005755682,1.564805,0.11357483,4419.6465,0.57480246
17.226929,56.315164780448946,25.2897134450007,7.011595214527672,1.4050503,,,
16.958197,56.90697029205326,24.406258564322044,7.2701597658038875,3.1563816,,4063.6497,
17.56516,56.79258900029893,24.72635665679954,3.5671495106517104,2.7182178,,,
13.431323,56.52195259271056,22.981425882323066,7.558974834524186,1.774396,0.0860909,4110.893,0.5784408
15.820007,56.06865359977871,23.61763736123556,7.436534037912182,2.9358244,,4020.07,
13.964578,57.09488451825278,23.972351359263996,8.3407813487956,2.2302809,0.064261176,3530.3333,0.6776346
17.065607,58.14723678146674,25.017795290757626,7.472815326542284,3.3878908,,4271.2534,
15.105629,56.31946224554994,24.575487718740494,7.772687311744493,2.5176582,,3381.6667,
17.75966,55.67556281726776,25.196707798675213,7.3452389953068025,3.393961,,,
13.590288,55.515922308035435,24.712542408209114,7.632120934320593,1.9441614,,4460.0,
14.159261,56.09705490217159,24.132383869724748,7.2010518632427925,1.275795,,5143.45,
18.045433,58.450231528769855,23.819188298013792,7.83059123981893,3.6538582,,,
18.35502,58.290215526118466,23.563119615631276,7.32830847792253,3.4680977,,,
18.095575,58.60004534185853,23.86618639585159,8.144625037762168,3.2835617,,,
16.82563,57.03734790692489,23.706336522751407,7.449435939204901,3.0578432,,4181.373,
17.483944,56.28775178128234,25.374789465247346,7.54351583427491,3.5097313,,,
17.366652,55.864440275335085,22.627950519361143,8.023039923395057,3.0567398,,,
11.738894,55.95431391466964,25.729417749558284,7.567568944275074,1.1642485,0.29382196,4932.27,0.7423369
13.333311,57.33572312992139,25.817826110692213,7.686985777779043,1.7308359,0.08613838,4208.3335,0.55211645
13.783011,55.98213025281262,24.426210921526224,7.5475227461871475,1.911253,0.07467317,3835.0,0.6190193
17.68397,57.177943549472985,24.45524693674132,7.964751907311407,3.192793,,,
14.806614,56.6058705381128,24.159925397183912,7.644526536226495,2.5330095,0.0368229,3473.75,0.5298031
16.61386,58.04731204803264,24.930015956365082,7.680566728401173,-0.43055725,,8868.667,
15.639577,56.845830005724864,24.8487586252372,7.889348753563234,2.781474,,3615.55,
17.957184,56.49136900693189,24.144550668691924,7.688198737817047,2.7209473,,,
15.64461,55.896799676008634,25.40846706647355,7.664479744784993,2.6675653,,3526.3333,
15.788972,57.09511990293874,24.814700177770913,7.363327602180802,2.7020779,,3838.1902,
16.285,57.53514574538901,25.548665477034486,7.74569434441014,2.910325,,4354.8965,
17.175005,55.380089718201084,24.05674369712506,7.944581255301857,3.1458473,,,
19.089773,57.059650937920395,24.26389682287758,6.487196910846719,2.8623142,,,
15.724115,57.25419819777433,24.902614338512603,7.458812522247808,2.78784,,3915.08,
7.6915026,57.29699835254462,22.60926455920854,7.487662181147225,0.24174976,,8118.0,
11.588625,56.65747999203077,24.74748434712627,7.603623323698955,1.1175804,0.32822162,5013.48,0.7593774
6.786959,56.74758189403439,24.51991992040255,7.059786350286854,0.045104027,,9256.667,
15.002328,56.72344416584778,24.28730076504606,7.320247168310797,2.7143078,,3904.6667,
18.142078,58.21587004683854,23.563207958372697,8.019335868246785,3.532732,,,
15.368034,55.905552964040666,25.408792747302304,7.583578072660559,2.5916357,,3533.9465,
17.092678,56.96658171606331,23.663182288859115,7.609715390647766,3.067627,,,
12.527379,58.61658590282128,23.83518131097792,7.53139236551412,1.7062473,0.1878236,4215.0,0.8127043
15.765555,54.9500010361186,23.84895165616426,7.695993025673338,2.9542532,,4323.073,
5.4132123,57.086828973741916,23.421045949047155,7.7223943090022065,-0.07732582,,8561.333,
17.321552,56.6684311120494,22.844191063136165,7.362524426781769,3.1900597,,,
15.725168,56.784011982129286,24.30663687787137,7.23467745821433,2.7286339,,4190.813,
15.693411,56.30039587546177,24.50489785021888,7.96043032990985,2.6311283,,3844.01,
17.552858,57.67176092024324,25.658313706933246,7.2865750893131445,3.1270332,,,
14.628149,56.376026719198975,24.312451444247895,7.365425007575368,2.2249298,,4147.31,
17.627504,57.96486082234892,23.580177506833056,7.528717479106072,3.2733173,,,
10.699402,57.204058825990295,24.26718036299427,6.966932356290467,1.0752592,0.8772346,5066.4136,1.2156519
15.280206,56.40822997536815,24.334142123989885,7.8977397844671575,1.0269299,,5095.6333,
18.517683,55.84406231084584,23.015534860812767,7.14779817130272,3.6704388,,,
17.936346,56.75985183784833,23.54316676082499,7.553948971036758,3.231165,,,
15.46663,56.10672542034542,24.68116622985721,7.871959523158457,2.7298212,,4190.813,
10.400532,56.43515233772688,24.220112047837556,7.43157031770279,0.9301739,0.9622572,5413.0,1.1153783
10.038034,56.657093721311426,23.787516117590727,7.399871170697114,0.9086571,1.3377335,5535.0,1.2577728
18.309292,57.02080575284019,23.403583598239816,7.127916518142447,3.0712452,,,
16.769592,56.86851392003422,24.67570304975361,7.302035820015709,2.8946505,,4216.5034,
18.726257,56.40738745021747,23.730437654352524,7.55749062666365,2.3246841,,,
17.561867,57.52090693920169,23.304644296771052,7.482364501515318,3.1743813,,,
16.100794,55.72227264605353,23.51856329503347,7.4134704766858945,2.8311272,,3881.0967,
11.159633,57.36985457240684,23.711986199086525,7.491162784606629,1.0139475,0.47982332,5267.0,0.8318915
17.554266,57.73922209537428,24.412213358221823,7.288521715491229,3.4113579,,,
13.170188,56.09618034886695,24.068101565035757,7.498262011657111,1.750556,0.1206191,3980.0,0.7304568
16.707539,57.72778185083378,24.365333222123155,7.4424597746890075,2.928543,,4412.937,
18.083727,58.144045858015666,24.422718129038067,2.318150888193492,2.7573566,,,
13.280696,56.918323140882315,24.30174305949383,7.427570100749157,1.7155895,0.09327064,4279.4565,0.5555816
16.897171,55.10681123271332,24.09988621242558,7.899789421045849,3.0546484,,4419.4497,
11.20334,55.89348889496024,23.76172010291054,7.2352699808718155,1.073657,0.508554,5094.75,0.9153252
15.943587,56.102938218377226,24.864663544100104,7.013173551302467,2.9824648,,4462.17,
14.00927,56.53138354387959,24.374184417076737,7.402728292183477,1.9494629,0.059395682,3922.695,0.5276683
17.376783,57.20333190207919,23.41318791841457,7.302165132030276,3.1891842,,,
13.437666,57.31420070794872,24.56707866115371,7.390999150467684,1.8035431,0.099386774,3944.6667,0.6749884
18.02713,57.38805830743434,24.21780551721612,7.502088704110235,3.1012268,,,
16.529697,58.00691910321582,25.024630313543213,7.517868028637333,2.961524,,3355.1533,
17.042696,56.825615446772495,24.230786719967995,7.855573652071802,3.1366158,,3494.5,
15.953997,56.65035989519149,23.07129978340948,7.66426269397566,2.8708248,,3881.5225,
17.457302,56.41252794488273,23.950124338566635,7.533409300911705,2.7540264,,,
11.9679785,56.66777396685864,23.497541705519602,7.220920105721395,1.4365625,0.29742023,4515.0,0.89129686
10.101808,56.66165616813511,24.95944340320939,7.310854996994011,0.8084307,1.2597905,5900.25,1.0741402
17.344501,56.10458382782956,25.56761644836666,7.249267871277434,3.4305868,,,
17.032705,55.75590131946873,23.49167083712946,7.49090031462853,2.9914885,,4436.527,
18.847902,57.579831213669614,24.275970085861957,7.884171015893818,3.4251842,,,
16.492743,57.89173531457551,24.568997747343644,7.636485733930739,2.9681644,,3995.5137,
16.431084,57.637906591208626,24.339212800064228,7.5970766875721125,2.854908,,3702.555,
15.28962,55.61946549991018,25.01660208963527,7.443178193000488,2.5329094,,3674.9402,
13.387124,56.245743401953156,23.388735475348106,7.538889452366325,1.7275953,0.08743717,4162.6626,0.5685364
13.452196,57.52113990468038,24.123757349660636,7.419926694038729,1.7299442,,4374.37,
17.290194,54.95217176562911,23.767602086378524,7.6420611268531085,3.189165,,,
16.635918,56.630574339780026,22.30531685462001,7.2733676093204425,3.1781816,,3978.505,
12.702542,56.52886151223133,24.562611625175798,7.361842907016075,1.4580269,0.14674483,4493.0,0.6322098
15.485618,57.735981131698615,25.58492369415786,7.891781370152765,2.8658495,,3978.1648,
17.324587,57.18905626695035,24.62380211403468,7.201266765217404,3.1689005,,,
14.28843,56.5412994231555,24.673400598801848,7.357909287158298,2.3871126,0.05949235,3569.3333,0.637836
17.550318,56.82565240579877,24.230567914985464,7.703831387533997,,,,
19.584877,56.91263946576995,24.606019741846886,7.684512201973107,2.862135,,,
17.068518,56.496734536942036,23.81287381495957,7.401407863207036,2.5460138,,3902.24,
16.624432,56.69668869794645,25.347950029073413,7.560941595053435,3.1732616,,3770.21,
10.740429,57.07380760742749,25.047647139407495,7.4622563697849955,0.92820644,0.6913322,5498.5,0.9162365
17.12921,55.735752741831234,24.229176861217702,7.442433827523899,3.054555,,,
15.634587,55.16690191869221,24.73568700211826,7.545609191879413,2.639453,,3679.0,
16.907084,56.97574366210197,22.65694797241907,7.4827424748804905,3.0391808,,4139.71,
17.422443,56.634724261716364,25.857030588235006,6.725252208489077,3.2384748,,,
16.543236,57.0384454743281,23.977792680604104,7.217751626027818,2.8319874,,3761.8276,
18.433237,56.84287479886216,24.28314321102191,7.63795740694384,2.8286533,,,
17.724627,54.98011326115833,24.214902494903164,7.838339024959847,3.230608,,,
13.877122,55.415028224658016,23.762890011711328,7.542518971626083,1.8991327,,4106.0474,
15.678291,55.80058652596179,24.745753239439335,7.394179867358264,2.9518995,,4258.297,
9.191837,56.66398644615473,24.103001088148325,7.418396935580117,0.6303797,2.7893677,6512.5254,1.3119179
15.29036,57.24294285741471,23.094027746921196,7.291733341675512,2.5239925,0.029779118,3312.0,0.5241166
16.765978,57.02676259477002,24.11421376092651,7.392663196448301,2.8223267,,4286.8433,
16.688013,56.93623948767629,22.397969244389646,7.431077137446643,3.1427193,,3713.9001,
19.353052,56.77385708149542,24.6675331511014,7.246833099029516,2.8314495,,,
15.087918,57.09445981675719,22.872483811291666,7.638029847651407,2.5017557,,3692.0,
14.498398,58.00955203835742,24.36314459420459,6.572407410217839,1.9885015,,4084.0,
16.562204,56.25481621280633,24.77791432889511,7.417320599391199,2.938613,,4648.69,
16.476185,56.28627132053532,22.641637738327383,7.243881878477584,2.9776,,4462.4697,
18.795918,58.23308242432989,24.96147812676946,7.163782990889982,3.4964905,,,
15.487885,58.554283670759645,23.34727617113022,7.782648164663649,2.623211,,3652.0,
13.489934,55.516246983171605,24.712315566693846,8.36061613273429,1.8464708,,4568.75,
13.485077,57.855677629901905,23.889178272931638,7.343075152565563,1.7526941,0.081739046,4216.0,0.53587836
9.288032,56.666744296585875,23.110130547126076,7.26120926216832,0.6489811,2.667597,6365.25,1.3430179
15.680554,56.6908059549611,25.458254812591136,7.504523345623505,2.727644,,4088.84,
17.075756,56.88397272775505,24.404943954745075,7.470183334020275,2.877118,,,
19.072916,55.983424574886925,25.606892518119974,6.91932265301267,3.503025,,,
16.825598,56.818610610984834,24.747133580816136,6.805153905257118,3.301467,,4539.92,
18.177454,56.462970591968414,24.436243077437354,7.289079032087175,2.0690575,,,
16.688633,55.07859448927188,23.90637863193692,7.438562249640411,2.9540339,,4619.04,
16.57762,56.81416491355307,23.434818588397487,7.114856620822353,2.9823294,,4462.4697,
15.349448,57.55422883049123,24.351824219754064,6.994192805832673,,,,
17.51333,57.53599234139165,24.67146341729649,7.193557608163893,3.0711346,,,
6.7984514,56.87281120203012,24.28813675924806,7.166029341365242,0.1070447,,8884.333,
13.597135,58.61863911431721,24.320936673283345,7.348691749134714,1.7922897,0.07704703,4135.49,0.5407252
16.101727,57.27475280785582,23.105924142880454,7.375396739767966,2.8650742,,3921.4849,
14.990769,57.85786624205762,24.79395899308218,7.457536770003606,2.7165966,,3893.6477,
14.440887,55.77315195646161,24.82441747200703,7.214996616070393,2.5287046,0.055880416,3518.7148,0.6360838
18.056498,55.51484461268938,25.32146689065006,7.970198139480802,3.6955643,,,
16.298235,56.892442370029684,25.718171265750854,7.459648798330861,2.8961077,,3961.8264,
16.569078,57.38676710121717,25.796217608275466,7.3006489332942905,2.9173527,,3927.47,
15.512853,56.09757763246834,25.3581728577202,7.97874748478627,2.8863144,,4127.3647,
16.449276,55.902458951200195,23.209327034950906,8.010258930542197,3.097334,,4287.5835,
15.525212,57.166360691645494,24.211719027719855,7.0997580955446535,2.5934458,,3915.97,
16.562424,56.74789579135421,24.8793403252788,7.2405707697606605,3.188634,,4065.0,
10.6272955,55.951816397432765,25.189867897145785,7.641885582227047,1.0561934,0.7599631,5206.13,1.071566
17.728218,55.02968575224224,24.21745658558201,7.285566392405198,3.2724953,,,
15.659837,56.46907371847236,25.86157592544752,6.5742571562252055,,,,
12.802538,56.15605129873356,25.137590963324847,7.565130093731612,1.5158587,0.12718314,4484.3364,0.59084153
11.192917,56.04683048822847,23.379125795542592,7.479148239303099,1.0491371,0.48294327,5068.6665,0.9011836
17.13806,56.65986536884599,25.555022726389986,1.6935499282946969,2.0105877,,,
19.648684,56.218492412120824,24.61360114039204,8.690678909323944,2.6337852,,,
16.281382,57.16854808263587,24.60929807326384,7.242752646927844,2.9242535,,4147.3477,
18.055698,56.445495494958024,23.88329398697551,7.433292077012018,2.5110378,,,
11.907715,57.426242408070884,24.462806205398227,7.490018098866185,1.1980419,0.2594427,4889.265,0.709882
19.256031,56.479947063808595,22.858462301298296,8.878833622158417,2.9888058,,,
10.697075,57.91861227574484,24.98296932289007,7.403034095994597,0.9161043,0.7355475,5441.2,0.96509176
14.82013,56.87755177656682,24.370341109173044,7.363666170065337,2.3304596,,3747.645,
16.155901,56.197310230666304,24.010344935825966,7.757879585630214,2.698223,,3560.0,
14.965404,57.12947017468325,24.281279555527057,7.165317448614132,2.4309053,0.039697684,3364.0,0.5865746
16.024557,57.03323237838808,23.739715334249667,7.482147579290946,2.7911282,,3823.03,
12.0959635,57.82036807149629,23.82640608439269,7.320482855682977,1.2459354,0.22204721,5010.75,0.6252732
12.572007,56.0913736987376,24.768213180775955,7.34211124824187,1.4118891,0.16132994,4573.0,0.63989353
17.476173,55.41606905863148,24.874871956917467,7.605834304999622,3.1974297,,,
16.474865,57.25630434499468,24.193808155809133,7.053495120238098,2.8738222,,3904.36,
17.34021,57.3567645324939,23.04711370258803,7.665073762988355,3.1230888,,,
17.280577,57.099722025171936,23.135478026732862,7.573290537696166,3.1035156,,,
15.455881,56.85754997658993,25.142317646645534,7.511472322645508,2.9464998,,3926.9834,
15.422022,58.292404408489176,23.052797264140004,7.385707541284745,2.5852604,,3945.335,
17.095518,55.68490587716986,23.10433067099251,7.657735749139236,3.1794567,,,
14.095937,57.800393958132226,23.93243670804142,7.482308496538541,2.0349836,0.06052644,3746.0,0.5841033
17.82589,56.28507990112644,23.41677523128254,7.6127399359208106,3.178276,,,
16.980083,58.01499937053105,25.020315139924918,7.399897079082308,2.9961643,,4443.76,
17.115084,57.91337917147742,23.85492163280224,7.451215415491011,3.2380285,,,
18.34101,56.12296908715974,22.423404842045354,7.88063526270039,3.4749298,,,
5.6231275,56.29067985628384,24.839063380926994,7.34047390507555,-0.093093395,,8383.25,
10.467337,56.08380189550965,24.795967541491937,7.424900457522266,0.8778496,0.9046081,5430.6875,1.074418
12.423114,56.527186247413795,24.5672281166677,7.3333635893549465,1.3542929,0.16662127,4932.0,0.55907714
16.610567,55.674437493487744,24.004175820579597,7.358094607190661,2.8263378,,3740.3252,
16.427818,55.67670627039014,23.338973101931415,7.460810442004325,2.603817,,4968.6665,
14.449774,56.13321858416219,23.875217915353435,7.322054695752772,2.5094843,,3855.25,
14.7757015,56.943375730038646,24.050488147017138,7.72436294306987,2.2833033,,3981.2532,
17.232887,56.304843314077466,24.25641520200934,7.898458185879746,2.799594,,,
8.880561,56.27210738288761,23.70247235332441,7.34952552394294,0.544425,3.7859666,6707.242,1.4409637
16.58435,56.55779798006428,22.705314443712606,7.353767145108294,3.200327,,3438.0525,
13.716083,56.61936740824291,24.758796916848578,7.278199056506765,1.8498583,0.077136755,3985.6667,0.5824805
15.818492,57.80779665866894,25.38630873254476,7.569296990381487,2.7841282,,3921.1,
16.35583,55.00785091306767,24.773720994794736,7.61365735243397,2.8906364,,4051.355,
16.771818,55.703849060091144,23.580009589219067,7.286980179323712,3.0782614,,3675.6667,
9.75268,56.96895124928979,23.941030473155962,7.415387496792548,0.7135601,1.6815845,6003.3,1.1987591
11.190211,56.18336553542968,24.231009707642453,7.397034567755774,1.020093,0.49034435,5118.0,0.890641
5.7392497,56.47708147248791,24.55431170084705,7.5658208624624805,-0.036770344,,9622.667,
17.804312,57.55255803242228,23.813419152671027,7.477830952085724,3.2695503,,,
16.534473,56.487449008039434,23.02458798963941,7.37474182960105,3.0116816,,4283.49,
15.09426,56.2722426890678,25.48623869850435,7.282985275627529,2.4537535,0.033776663,3375.75,0.53730446
15.82534,56.08703131133051,23.560934969518595,7.441898170979434,2.727435,,4059.725,
15.682003,56.16515008957141,24.528757869123854,7.415109123347627,2.70125,,3904.6667,
17.22947,55.933743911298684,25.6636320427039,7.844462343672861,3.1438608,,,
16.385756,57.76508923714743,24.54296294812583,7.605512352956969,2.9486809,,3944.7651,
16.84685,55.829291996324315,22.786099211356913,7.47555436558464,3.0769014,,4468.0864,
11.165423,57.58886081658227,23.09615125837686,7.480336613350446,1.040019,0.48561892,5175.5,0.86675394
14.086656,58.35353498338368,23.4039639382252,7.778710543345705,2.3299932,0.05540892,3773.8901,0.5506352
16.799902,57.374281218578,23.648521852173044,6.9395477711946105,3.1283836,,4177.2573,
16.963535,55.854914199394,22.89549866977445,7.523731739421124,3.0718641,,4344.07,
14.4285,55.131342169877946,23.550455148845362,7.444586091008108,2.1765623,0.050004873,3598.0,0.5754883
16.200775,56.236294627911235,23.606388802655456,7.226963696191715,2.8170948,,3654.2031,
16.786037,55.405304465872206,25.14227341880287,7.7293489966776825,3.0199938,,4188.9834,
12.720613,57.98900483956988,23.339227740396197,7.38324033101459,1.4733028,0.1443063,4479.0,0.63086027
14.508215,56.73798513907671,23.250476871738368,7.293201076733089,2.205596,,3939.34,
19.392122,56.1347759137841,25.42151793087464,6.7472082546647485,3.1644707,,,
18.465488,58.50165875828711,24.580380223476553,8.0093683129265,3.7455063,,,
19.427324,56.60879246206881,24.08581835316513,7.776920489669229,2.5204163,,,
16.329964,57.50781489675372,25.211228689501098,7.22675303997198,2.9425802,,3572.0,
12.204215,57.71443860745304,23.32887519993769,7.387685649164162,1.2771721,0.2032673,4883.05,0.6299471
13.571771,56.32570006557808,25.09934751115023,7.43326437794405,1.7743263,,4265.8027,
9.894127,57.10911287974154,24.048188821618258,7.379283401069254,0.7418165,1.4934982,5955.5,1.1479383
12.184739,58.53724009607239,24.333495628328745,7.694849310666972,1.3641243,0.20704985,4610.0,0.71332633
16.828213,57.32008857284008,24.016084378880166,7.258054118916788,2.8169699,,3685.875,
6.7892323,57.49198519681833,23.848493600241056,7.069858329041012,0.06536198,,8966.75,
16.632647,58.3521439985556,25.035139893654083,7.440484180251754,3.1973753,,3634.9348,
16.852837,57.57597915240502,24.587472750455564,7.4266962078600045,2.9139128,,4632.6636,
17.449757,57.14795394453441,24.20069889991057,6.986213707180581,3.1382694,,,
9.42555,55.928748710207266,23.594576864371682,7.771735777404073,0.69458866,2.0601935,6140.7,1.2681507
15.380517,57.38774609552646,24.533839063262498,7.367681922365623,2.5844145,,4128.945,
15.173921,55.93219599059834,24.487538978211685,7.440780136371382,2.514865,,3571.1133,
17.069649,56.83519486879835,22.365569754317736,7.3116020489899425,3.254424,,,
10.409135,56.728915699709276,24.796140939507517,7.3453420842274735,0.8434305,0.9644756,5536.5,1.0674012
16.300144,56.469881196725254,23.464880782707255,7.238298296515951,2.9091682,,4258.297,
16.897665,56.88191944178234,23.871824570306952,7.53281198099578,3.0387383,,4019.4797,
17.800526,57.04245150045496,23.988787423189176,7.126641273044909,3.0547695,,,
3.5312312,57.290684420102814,24.053218079656787,8.429236085307085,0.015699863,,8060.0,
18.735573,56.87336577073753,23.880238185033768,7.472892358919337,3.0209484,,,
13.723226,57.072138777976804,24.504227122036752,7.419886085825003,1.8564491,0.07423668,3975.6174,0.57431847
12.555491,56.89040947426911,24.684003206126466,7.401604153824411,1.4201279,0.15286799,4730.6333,0.5820662
18.628334,55.42678215488714,23.915703557533654,6.663172213587559,3.283804,,,
15.497737,57.17568367032099,25.007702755527763,7.164507644285314,2.6659927,,3672.75,
19.027298,55.3765473485707,25.284886410824868,6.692186448625113,3.6401062,,,
17.712336,57.31517747811148,23.380176382957426,7.398609462864535,3.3867836,,,
18.468126,57.714508633993184,22.665936261724173,7.1950338805959735,3.4330368,,,
17.63766,57.42149868018471,23.24966440893057,8.12972738521909,3.4985256,,,
7.940643,57.35836524435425,24.24750282877237,7.35516303366975,0.24247551,,8244.0,
18.924982,56.213657714633705,23.572246836790764,6.818198936314993,3.2094746,,,
11.964892,56.66420574689882,24.029486245324403,7.350862523516928,1.2158127,0.24757218,5028.0,0.6557118
13.605987,56.553719188911884,24.05417756286306,7.308287230596681,1.8048096,0.08709062,3944.0,0.63206905
12.79014,56.30646278688397,25.08756726513918,7.419422299860121,1.4788561,0.13412043,4477.5,0.6085958
11.690341,55.762359534019204,24.66956453669538,7.44252267431834,1.141139,0.3140783,4982.033,0.75224334
17.131018,56.27089234800248,23.768298240614183,7.45844433352404,3.1761122,,,
15.955802,57.05744752157881,23.632996475032893,7.359041668068635,2.797223,,3701.4275,
16.03968,56.74397706902761,24.460928145294645,7.304423947303717,2.7735243,,4141.0273,
17.104467,56.854696513383736,24.254627059665967,7.482173720858357,2.9714556,,,
11.9505205,56.532505083953794,24.866698217358604,7.148574909566619,1.3309612,0.2788804,4819.0664,0.75759274
17.965046,55.80614659587308,24.183476311680007,7.8765209426218465,3.1039524,,,
16.51389,55.965708678954456,24.23762939896923,7.203331346369493,3.066925,,4617.895,
17.255703,55.47065368762648,24.12342025123822,7.3316159009501805,3.0684757,,,
10.273763,56.23507506659182,24.432411145017106,7.422778447756323,0.8384485,1.0559919,5692.88,1.0563769
16.719881,56.225477431848056,24.44617472310823,7.727678407322629,2.6823597,,3803.325,
16.18561,56.301884322399935,22.697313774624785,7.163233290087437,2.8487291,,3930.78,
17.747196,57.675683386148044,23.492395379393532,7.77121545211615,3.297533,,,
17.27423,55.16566911602839,24.735589321098775,7.699982119411571,3.1742926,,,
17.326775,56.364692561993095,23.632346858739574,7.580835990746822,2.8570576,,,
17.012058,56.162316268975054,23.04026392338689,7.327613160624911,3.105401,,4092.995,
18.871933,57.486761418537114,24.985155279577086,7.566010812409263,3.4183617,,,
14.573225,57.27448160067606,23.739597350786266,6.124078464096893,2.4493809,0.055038664,3828.0,0.53338736
15.438348,57.96319951354494,23.29461297583749,7.476603915278281,2.6210842,,3579.0,
8.874772,55.8721213112435,22.73461748381822,7.480255772234216,0.5872078,3.6759744,6775.0,1.3916187
17.490278,56.730538209958944,23.38021930088572,7.308737563244562,3.1740704,,,
17.480928,55.798548167572,24.1144383534326,7.146629370285691,3.1884098,,,
17.947327,55.24698199818261,25.19856824339429,7.356663085371183,3.3857021,,,
16.61972,57.97943449679544,23.961545703076293,7.37759858619072,2.9731474,,4562.91,
12.022059,57.66384056390636,25.393558001550513,5.752130002774353,1.4815159,0.47078994,4386.75,1.1879016
14.688695,56.836874470070946,25.08657208202175,7.260887179898888,2.2992373,0.04285437,3550.6667,0.54705423
17.411617,55.869794240752476,24.151592752446938,7.598319218108443,3.0755615,,,
8.027895,56.00121818084855,24.556799340785325,7.418137320255127,0.27700853,,8137.5,
17.436497,56.9002208810619,23.473944788520942,7.5015794229065325,3.079729,,,
18.17116,56.4581573547264,23.328973356610202,6.8190502075060895,3.5256786,,,
16.375874,57.05551205650055,23.979524741552023,7.487740755773229,2.9545841,,4653.6724,
13.65518,57.30137354813347,23.228146856948058,7.379370635075764,1.82407,0.07390064,4102.0,0.53825176
15.944126,56.47921893223095,24.223736415776425,6.527650943815864,2.9405813,,4591.3003,
17.169415,58.51140890606046,23.58347843664861,7.285336441937961,3.1668892,,,
16.498743,58.59372879231325,23.63651913214483,7.61785440266283,2.951334,,4011.2275,
16.413292,57.36104366161424,22.848359072033986,7.26177124455031,2.9132442,,3747.655,
19.753675,57.591748220962714,23.92493220472931,7.87305045855009,2.7865963,,,
17.175806,56.255123591571696,25.351434335136798,7.226043890484236,3.0965986,,,
14.52739,57.25428493255286,22.980218232489253,7.312668303425505,2.2232208,,3900.95,
12.0192995,57.91374713679545,24.548702499359177,7.42476315909977,1.2379265,0.23373179,4969.76,0.65213984
12.879779,56.66214031086443,24.520113962357595,7.381538623330803,1.5260181,0.12965193,4388.3965,0.62291735
14.631091,56.52724045367762,23.83881582254253,7.141983014576491,2.2570276,,3704.0725,
15.81069,55.89232992040384,25.590400904557704,7.649425089535694,2.824771,,3756.4265,
17.58388,56.79601141536668,24.23081704332723,7.215344699921447,2.995018,,,
9.518376,57.573728581529735,25.37937007962121,7.253398035975452,0.6871643,2.1705432,6155.233,1.2955312
14.777889,56.80701894368968,23.831299829782576,7.304778369548448,2.6395903,,3970.5432,
17.335684,55.63011067655075,24.822486562382508,7.571918357719948,3.2047882,,,
16.727879,57.34143535933352,24.91187563645862,7.257216032867554,2.9505892,,4619.04,
11.464658,57.40235227021632,24.295865913811692,7.365001264167708,1.0798855,0.38558927,5097.78,0.79607314
18.973743,56.633543379972274,24.47605479917746,7.074354081733085,2.5695744,,,
17.088533,56.6481340381659,24.026338397924462,7.584104132973824,3.155075,,,
15.295293,55.512027477183075,24.209905242507293,7.338324469287138,2.5277958,0.029161366,3316.0,0.51740134
11.430553,56.811774069651726,25.371632413953815,7.572139959092714,1.0980988,0.37428892,5128.575,0.77493036
19.640127,56.47906250087124,23.565952253514606,7.15861597372356,2.8379936,,,
9.921573,57.98702363670819,23.901759116169476,7.487040599101899,0.7607107,1.4220649,5844.975,1.1629125
14.332925,56.4237825255231,25.686583007306528,6.320027687688442,2.3154926,,4065.7,
16.119404,55.781626038583425,25.574605054694285,7.440523386079026,2.8662472,,3831.7476,
12.425606,55.38534152106508,23.161526200176286,7.422707337517014,1.3778067,0.16423419,4882.5,0.5663696
11.108135,57.3503075390406,23.839048706697447,7.376478664681381,0.9989805,0.51951206,5259.0,0.86824864
9.428313,57.4705710357224,25.647252789812324,7.189164418784616,0.7216625,2.411576,6007.9336,1.433352
16.442446,57.06355565755042,23.434691887225714,7.328238805718343,2.7882109,,3904.36,
12.34341,57.97253655735734,24.386768052861587,7.181640268216611,1.3410549,0.18496746,4979.0,0.57798433
16.492466,56.04489753887975,25.627155500025623,7.156876987585169,3.0277805,,4139.71,
13.925313,55.94994538803952,25.053012027021502,7.441610092877773,1.9315166,0.06337387,3925.6868,0.5442225
17.59423,55.343595773538716,24.397554851404124,7.418669535211134,3.3571548,,,
17.785429,55.454104896219896,23.05639233369826,6.930944648783163,3.426508,,,
17.911718,58.175927325773564,25.17824902529046,7.742319213046772,3.3531475,,,
12.6328,56.01188717769532,25.656155573528434,7.245450726232397,1.4818211,0.16444397,4450.0,0.6822469
16.289757,55.60961448507422,24.235356564972648,7.396214630343394,2.8769827,,3915.08,
11.258368,56.109576045747886,24.58950700044713,7.40655131489199,1.0840569,0.47768146,4930.685,0.947125
16.425869,56.079497191160094,24.588264203162836,7.385492548516213,2.8660364,,3770.14,
15.416554,56.85568018569068,24.048959517743146,7.3825274834499455,2.3555527,,3431.0,
18.519554,56.72872498754571,24.466457539525226,7.134750793889815,2.5285225,,,
18.228401,56.08213131323555,23.895888974928926,8.263144024845765,3.273222,,,
16.262117,57.40227401353722,24.30374374488389,7.224114807892947,2.7682562,,4076.08,
11.164752,56.05451968870855,24.030622214893405,7.528311850425594,1.0228424,0.48791525,5082.0,0.90106374
17.87326,54.77340995587813,24.21134537439054,4.2142457822582085,2.793436,,,
8.540198,56.39368370461611,24.46311329463798,7.435439810887517,0.5054922,5.0991406,7180.0,1.4593258
17.155819,57.7755937664332,22.633382705234347,7.521827129633583,3.1389923,,,
16.885798,57.29764280986348,24.24001242999167,7.125077723755643,2.9350214,,4594.325,
14.470423,56.10348263799233,24.768219186268695,7.470613704718746,2.2257013,0.050157864,3533.25,0.59768647
16.139671,56.30068367403591,23.36457293884147,7.237481141906529,2.8431969,,3529.28,
16.72112,56.74244795284214,23.560623523598306,7.358708411716663,2.7971,,4009.875,
15.042038,55.974550556535,25.4748852944213,7.328093246932322,2.4514446,,3524.75,
10.94297,56.950583413870454,23.21789013771287,7.318577435027178,0.9584093,0.60817724,5332.0,0.91387635
10.420579,57.27554720695359,23.781043757310673,7.209080087285128,1.0409546,1.017831,5305.04,1.1942992
13.9019,55.446287610644,22.8568358831564,7.365583428196854,1.9039288,0.067062326,3904.25,0.56600034
16.714268,56.5363337366296,24.675727879423373,7.5792023854466875,2.8420963,,4480.277,
15.638724,55.49448624637706,22.95034904354331,7.395778619515324,2.6733704,,3685.78,
14.845104,55.986311591439936,25.26208807277538,7.453968733992721,2.3475876,,3713.75,
17.48939,56.7515565103286,23.879901133117716,7.3182675352135105,3.2848873,,,
16.722082,56.94138043480735,24.633530708855606,7.407130922472648,3.1800795,,3909.0735,
15.329988,56.40309430394731,24.651682772148973,7.134525290739961,2.8957634,,4061.22,
18.914383,56.426427383942745,24.069630904522278,7.672955180780014,2.4537773,,,
18.33331,56.87476374987597,23.55402962170424,6.9563492157204125,3.2258968,,,
15.625836,58.13080372437369,25.25194072774568,7.367373066482416,2.6437283,,3679.0,
15.914345,56.849464129628785,23.14901113462935,7.144426622085734,2.8425188,,4007.045,
18.355894,57.151465556472225,25.261296134702054,7.398776460123287,3.3144875,,,
11.011639,56.31406415248178,25.289282570617022,7.413373539120267,1.0293226,0.5704886,5167.0,0.94253874
16.625662,57.18359716418091,25.10608529991948,7.313212265344641,2.9140024,,4364.74,
19.429014,56.26328629227341,23.11611775983495,6.799615343296861,3.2400913,,,
15.814154,57.33962255639811,23.65158457601763,7.333717977663807,2.7873707,,3818.2,
16.999392,56.26209569041525,25.088658117982007,7.318682963868929,3.1500921,,3745.02,
11.968134,55.80678104760392,25.269935629317104,7.396174660310489,1.2527733,0.24050806,5097.0,0.6289096
18.9102,55.969938531647436,24.31334228336748,6.504716588823096,2.8378506,,,
18.597599,55.50162138419503,24.170066662089358,7.392485802315674,3.396471,,,
17.321209,55.39506324086689,23.637546299945186,7.346671417302112,3.1023216,,,
16.411564,57.023883088870804,22.635784351477458,7.162218801339364,3.0388918,,3993.505,
6.14535,57.43146561674279,23.711655920508957,7.49620499789952,-0.044172764,,9438.0,
17.625544,56.84367130710182,22.51956678066769,7.065162920885559,3.2384872,,,
13.693971,56.147627711146285,24.00114057915761,7.344656725347309,1.8265715,0.07080572,4129.3833,0.5198959
17.853659,57.254845919688854,23.63748340285548,7.490281794233977,3.3604965,,,
11.68959,56.263748777928555,23.839215657905118,7.280531682174002,1.1299181,0.3282882,4984.09,0.7684375
13.036555,57.874839203752046,23.899041937260147,7.565003816948215,1.5827932,0.109208666,4341.25,0.5841866
11.439413,56.17998816944305,25.8753288073806,7.516415477271048,1.1149693,0.38973972,4962.027,0.84473747
17.007547,56.214727095029566,25.087781008593357,6.996506852151961,3.1192894,,3894.0352,
19.625105,57.27030823552436,23.560772412230133,6.6910664991334174,3.0801468,,,
13.968921,55.494588355275106,23.707141627187887,7.344898407339338,1.9593086,,4168.173,
16.373417,56.84458450207414,23.735071655408195,7.4943410422779975,2.9139967,,4651.6797,
16.022493,55.9519390074864,25.0434113719478,7.2228913502145655,3.04,,4130.825,
12.895202,57.18936709736756,23.33871889355739,7.379298209779048,1.5196486,0.11907658,4561.95,0.55241406
18.260738,56.29096674807109,24.075631815474342,7.743192731269719,2.0391865,,,
18.314926,56.52528834865449,23.971855687271063,7.895661973977371,1.879055,,,
16.41162,57.38579873533614,23.411248622310293,7.5018025081587485,3.1213207,,3770.21,
10.528545,56.014854921903556,24.504048116016953,7.378027754105461,0.9138651,0.8610742,5482.0,1.0287145
15.594679,57.19040622641291,25.70026890063522,7.230176910306576,2.7187452,,3942.2876,
15.739687,55.1299276722114,25.14790181975118,6.887020051069662,3.0351439,,4189.3833,
18.039536,58.617213352743214,23.943201846527543,6.987802889873112,3.3338032,,,
6.981759,56.83746002588787,23.803147410677056,7.127110734276691,0.044411182,,9425.5,
6.880885,56.453492336555925,23.146949641549995,7.359028787861902,0.03437233,,9324.0,
17.56905,55.755323893614964,24.24773743756844,7.320090409644352,3.159338,,,
11.481304,56.58319645212432,25.47536407086544,7.418771797113361,,,,
17.21161,56.413779067432856,24.13887197048921,7.349149262456706,2.8627968,,,
16.499056,56.60273681959682,24.479405176231772,7.196613149669378,2.8170242,,4038.51,
16.123646,56.24421728502989,23.92788317834986,7.136004944625235,2.7919922,,3904.36,
17.732103,57.490213558984294,23.72432767024857,7.074529229081225,3.2901516,,,
12.243859,56.825353011255906,24.39057153885707,6.989037882889169,1.4993296,0.25315222,4447.33,0.8475099
17.006838,57.089796106101765,24.57859312995565,7.219036547891997,2.8818064,,4525.3076,
19.768732,55.27262864257963,23.548966350818166,7.482993922156017,2.9059734,,,
12.866021,56.3733163680427,23.760308671851,7.258553033682535,1.5620556,0.13734534,4363.6235,0.6484329
14.185698,55.90297984695249,24.232121441757037,7.0762790215705,2.0972948,0.06771509,3628.0,0.6586593
17.939165,56.589214777486376,23.08570586673964,7.194560982207883,3.4310913,,,
16.325727,57.38563800027413,23.928302134502,7.4835170181086434,2.8794594,,4088.0425,
19.252243,56.64739167747474,23.9519155917556,7.766668294977022,0.8961468,,,
16.862675,55.35827154250784,23.25981238596785,7.50056401825802,3.118619,,3972.9033,
15.293792,56.488749002730074,25.186721714391332,7.34404240831091,2.784422,,4065.55,
9.533586,55.995108008035096,23.882533452133064,7.3856985145787775,0.74294186,2.0617921,6208.6665,1.241019
9.590614,58.59003701715486,24.075494611151427,7.361745846217053,0.7036648,1.9724723,6136.0,1.2427604
16.760805,56.28772363085614,25.54682005664503,7.5460181578210666,2.9959564,,4305.6997,
16.682482,56.95748635869888,24.428496164154204,7.242315048464069,2.9529524,,4670.0034,
5.4266515,56.200989316532116,24.289273883103576,7.523388375563638,-0.037411213,,9644.0,
10.966898,55.36604084050181,23.708143435204732,7.39251184498223,0.9756479,0.5855669,5300.8667,0.90729207
7.7320957,56.861886958106986,23.678133164176078,7.604931015974854,0.2205081,10.794197,7995.3335,1.7122794
15.660528,57.302719615994086,25.701876754973405,7.390567936340837,2.9163456,,3865.25,
16.564339,58.07317736249066,24.45533302922639,7.381703937738168,3.022685,,4168.6875,
15.19903,57.48251114776961,24.741910850626066,7.382377523267071,2.550847,,3748.75,
16.49195,56.90569368335333,25.33385435108422,7.158356743188261,3.0203104,,4189.1836,
18.109602,56.35297021246366,24.646092138482434,7.396956655561462,3.0290356,,,
17.479286,55.83802148930242,24.18570770618267,7.467835351466035,2.968546,,,
17.721367,55.69027139647984,23.82282901286703,6.977750955702948,3.3105183,,,
18.135223,56.19232112888083,24.38398865878826,7.340278275383411,2.6645489,,,
15.988075,55.867606148324526,24.89180226540872,7.283281553343809,2.7780304,,4056.8774,
17.257837,58.07804112645555,23.876696701703224,7.373026369493717,3.105999,,,
17.895859,55.91556972827925,23.69222615780468,7.069936012680945,3.1575089,,,
16.44183,56.884192469914446,23.306338213618986,7.140851521904393,2.8943224,,3970.495,
16.151382,54.88472731394781,24.266870323546346,7.090086697389721,2.8904066,,3962.825,
12.457087,55.21372985883543,23.598225515322905,7.438521088899847,1.3769703,0.16607596,4723.4966,0.6085256
16.506659,55.11240320555508,24.237145511811793,7.514823097879041,2.975544,,4250.2754,
17.795597,55.93142197013093,24.213764174313553,7.452719816332674,3.1077404,,,
16.965014,57.56154377865301,25.424829524154145,7.096367462314624,3.0995188,,4162.1177,
17.703762,57.32023413729832,24.016444122461998,6.962687991059952,,,,
9.103162,57.07038946170814,25.21492600799203,7.22988009998537,0.6593914,3.1861796,6613.9824,1.3594452
16.892225,56.88340263663262,24.173398679177335,7.392600573494028,2.4506826,,3828.0,
14.725102,57.23905052150811,24.328646943880756,7.213317836079103,2.5805435,,4068.55,
10.69776,55.143301707784765,23.682412313515783,7.426635788999271,0.9182844,0.7377465,5358.0,0.99678344
11.855584,57.912739789745615,22.750080983622308,7.240205875653891,1.1797895,0.2929876,4866.64,0.7614104
12.19216,56.02133727974668,25.483636663235032,7.412893360269652,1.2790318,0.20735553,4823.375,0.6520913
9.691098,56.837089389849446,25.525645147449254,7.314183192275801,0.76311874,1.8380178,5892.4175,1.3008897
13.991919,57.07511872401234,23.891279977435403,7.288801577318803,1.927804,0.06166937,3936.6667,0.5338633
18.609873,56.84292647417558,25.72069159712272,6.649740281719697,3.3274803,,,
16.969765,56.59017450413539,23.066771117704327,7.770897894183523,3.2811394,,4202.075,
16.680983,57.993168049272214,23.9718921736,7.2930588417931395,2.9576502,,3944.7651,
10.398834,56.918613617547145,24.36436236976605,7.316612651236727,0.85272694,0.97335374,5629.0,1.0373504
8.257667,56.945239883686206,25.385499814878433,7.0783234361870315,0.35372734,7.516486,7768.25,1.5136089
10.112981,56.453028891737276,23.14785709098654,7.327235338827654,,,,
17.135067,55.564111945750135,23.191822140652295,7.326381993512594,3.2372713,,,
10.910271,57.587204522764694,24.466551357441077,7.249936899172197,0.9340391,0.62832403,5468.5,0.8830963
10.239899,57.07140079253329,23.8901568190568,7.321315034901866,0.80504036,1.1104032,5826.0,1.0343131
9.712552,56.169919301964136,24.818340237379328,7.4086442029333766,0.71434784,1.743928,6072.0,1.1933103
13.817322,56.47976095400884,24.55461038169037,7.428418841039024,1.7252197,,4109.0,
16.953684,57.544943158570014,24.4780349991065,7.4692941601265455,3.154622,,3693.255,
19.559034,57.019500473372865,23.658228159775227,7.035959998862386,3.3946857,,,
16.517975,55.97002712472401,25.491632920532755,7.223185196282615,2.9136734,,4088.0425,
10.842311,58.60525132146347,24.359890131498023,7.363973409900398,0.9789829,0.65317565,5403.0,0.92235416
12.73605,57.55177249919622,24.532732691816314,7.196010438933341,1.4438963,0.14229259,4613.83,0.590365
17.816366,56.99744854641523,24.593487997120615,7.309270383022177,3.2166386,,,
9.562554,56.35062643985072,24.885785528205194,7.280298495834878,0.69124794,2.0691588,6145.15,1.2690672
16.257185,57.446065457181234,25.71008258312519,6.928684970050007,3.2130527,,4103.7134,
15.093665,56.68171988932792,23.9949430963664,7.24798834846259,2.377285,,3616.0,
11.438498,55.9514793562376,25.004191328822355,7.306604285251033,1.1216526,0.41009617,4991.453,0.8563307
19.305237,57.564345679033515,22.772078964256856,7.058504106836133,3.1926403,,,
16.400305,55.819250149961896,23.833591071438818,7.27415292797909,2.959054,,4587.395,
17.320845,55.444496381405166,23.02200469492722,7.000964372856321,3.1903744,,,
14.438821,57.10351339293941,22.407069545144925,7.975500519232705,2.444497,,3690.28,
18.092422,58.663126139685495,24.59833864077563,7.489781303390365,3.3338776,,,
10.404107,56.614067208259115,25.135337435698993,7.3781919043842645,0.84881496,0.9527699,5626.0,1.027418
18.32519,57.67950860972336,23.332019922327152,7.1611202698603575,3.4111767,,,
13.153968,56.78068856976081,23.226163038027188,7.282249318199454,1.6122046,0.110282324,4257.5063,0.61037254
18.22346,55.066426595660175,24.37524300204969,7.045748713649461,3.445406,,,
16.80349,56.41779360331047,24.288913664478883,7.443863455049313,2.300416,,3636.75,
16.591087,58.256846129437804,22.979906685211198,7.3893589533118265,3.0227146,,4188.9834,
8.322883,56.76765515967455,23.995019208656988,7.3699248916506646,0.42066765,6.3666325,7310.43,1.5729744
12.213566,56.8064793078093,23.71409194049985,7.3496832432335975,1.2762156,0.20234035,4908.3633,0.62204313
11.889382,56.41428088640734,23.754102001577266,7.346930987154904,1.6295033,0.3278487,4375.0,0.9966284
10.659182,55.21027404174425,23.418245859338874,7.4039715230898295,0.90125275,0.7574612,5490.3335,0.9619121
14.190984,56.78942246309074,23.74198596515098,7.302015561848563,2.3946419,0.061828677,3660.365,0.6182994
17.359585,55.83579287247572,24.442922395922423,7.543100409581228,3.0925026,,,
16.677404,56.45577822744966,23.142880068004555,7.596280185836647,2.7686558,,3904.36,
16.611767,55.19302946986233,24.156994776613196,7.2456692472167195,2.8934174,,4129.1123,
16.280447,57.55194670906238,23.926480831319992,7.173258371479912,3.1797066,,3954.6123,
13.620668,57.84232821207113,25.165935179334166,7.184809022626229,1.8201857,0.0877049,3964.0,0.62790984
14.810722,56.443726807074206,23.795163511727143,7.207047157925689,2.5405102,,3638.0876,
6.589043,57.340713837485204,24.38075866093766,7.040344924647165,-0.024802208,,9527.0,
17.399858,56.42869850084266,23.336595400586386,7.684339745928763,3.2106934,,,
16.87965,57.0946459275815,23.461752448453954,7.402622047059135,3.0900297,,4462.5176,
16.94648,56.75127940511591,24.47341623556231,7.16522797002026,3.0611572,,3709.0,
14.020388,56.64507284527256,22.935287331413967,7.2784328803413825,1.9807901,,4167.25,
12.406004,56.517282230065845,23.405325959353107,7.352687449888231,1.3969898,0.17235915,4839.0,0.5906886
15.993503,56.28658248993226,24.84195494856626,7.195321794208931,2.3229723,,3654.0,
10.851324,56.085556018632616,24.772662977202998,7.184980521025954,1.1248856,0.7344662,4954.047,1.1633712
18.190985,55.64181991354016,23.414276680323777,6.915698245778908,3.431055,,,
19.329388,56.14298466700242,23.85669383288418,8.363867672171121,3.0129623,,,
14.988749,55.735659286836416,24.082586915610534,8.134482965823729,2.7217216,,4031.673,
17.262112,56.91585908191919,23.001108465246695,7.68666778306605,3.009962,,,
15.061798,56.70335201540646,23.068557680712196,7.098668920348108,2.4873161,,4025.75,
16.863642,56.46653703651039,25.166995611623015,7.2362481811801445,3.1334906,,3703.0369,
12.247098,57.11688292288393,23.300563072721015,7.446772040741175,1.3326874,0.20323838,4689.3066,0.68302757
11.309817,54.86596958122946,23.894801436053736,7.284990182913513,1.0828514,0.46152058,5020.935,0.8977987
8.760477,57.863486639093516,24.518455060627502,7.332708125568687,0.5418215,4.249332,6752.623,1.5061492
8.00354,56.49651219995799,25.39839644131894,7.600061923424725,0.28597307,8.305684,7863.0,1.5529726
16.608862,57.191792846248006,24.169985032068222,6.989841671034073,2.85678,,3904.36,
19.519403,56.289494332740155,23.978983731782023,7.160497760298673,2.5144615,,,
10.576406,55.90729777834087,23.53579411646532,7.323320636239823,0.8767376,0.8345623,5502.16,1.0053461
18.091791,56.41216333810882,23.815393199119924,7.52528556286806,2.4678955,,,
18.397831,56.30265724847943,23.89569739977119,7.534825711953072,2.669033,,,
15.553866,55.68259421323611,25.53493107841749,7.195073660984557,2.633914,,3740.3535,
17.023563,56.27833702057029,23.61414558210446,7.252443684237349,3.2870226,,4444.83,
9.06211,55.34579823814665,23.486741126862267,7.515350003301166,0.6061373,3.0630744,6492.0,1.3834848
14.340005,56.133426107679256,23.874855564143964,7.446216475386386,2.2213602,,4274.3335,
17.504845,57.68483856840652,25.1179460068167,6.722538788088818,3.5863934,,,
15.71589,57.046757654798,23.661958425826416,7.214634211680794,2.3638,,3810.1,
11.209154,56.02025980630785,24.275325451777036,7.34694822960917,1.0703726,0.49084756,5091.84,0.90027773
16.321722,56.29512153071044,23.049315632801612,7.6601208880166265,2.9538155,,4444.83,
17.088293,55.44626240100448,25.005932280404572,7.719049776982897,3.0764885,,,
13.553166,56.82577490314775,24.036224262128915,7.649423411992537,1.8501949,,4282.0,
10.544441,56.266810286435685,25.257653157550354,7.361768810694915,0.88975143,0.84936535,5516.0,1.00914
13.542909,55.49067574945073,23.668186288896155,2.621201368963977,1.301218,0.44666538,5125.0,0.84772706
13.322386,57.773310214151714,24.736584086160825,7.2298268483708625,1.6925869,0.09583591,4257.0,0.5691274
16.315216,55.98756933665591,23.951454297600996,7.267862493943442,2.9073915,,4609.37,
10.587136,56.22443016925663,23.92109210741919,7.186253009391363,1.0486097,0.9204043,5033.533,1.2615256
15.41668,57.66222634901123,23.217233876897037,7.229511957474354,2.5667725,,3297.5,
8.081855,57.42060195542927,23.341375883974496,7.227082097375432,0.28130198,8.622767,7954.6665,1.5460802
17.257177,56.52381078400158,24.613689576331744,7.294107306647661,2.9857407,,,
10.582304,56.17434663376087,22.4643522920447,7.4986539396732415,0.9183645,0.7882236,5547.0,0.96130466
18.74313,56.720776718933884,24.252022253057834,7.491484444357649,2.819189,,,
13.575575,56.45401897528977,23.852692666007233,7.4081387152975084,1.7796402,0.08191417,4042.4824,0.58349335
10.383268,56.72404120206017,23.583360163209495,7.410569251115423,0.8226509,0.96146935,5642.75,1.0259796
18.5933,57.23194572121876,24.36101990125736,6.8484400261415885,3.2187538,,,
17.03027,56.8144433926718,24.39176993016081,6.645617910098419,3.199318,,4121.313,
9.73422,56.8499255516615,23.914277516860945,7.283048225972547,0.83842945,1.8023878,5697.25,1.3779905
13.486465,56.630024336144025,24.117147412039863,7.654696102246065,1.8475027,0.09129703,3900.0,0.6618381
13.239693,56.53493098403281,23.3473274823736,7.321200250582909,1.654356,0.09971855,4279.0,0.57458735
13.693872,56.90877070814149,24.89166138079076,7.146165726272431,1.8347702,0.0797438,4027.0,0.58014673
14.702564,54.897850360768295,24.118242404578417,7.290797631049818,2.3120155,0.039887633,3619.0,0.50803614
17.09081,57.89280309675567,23.79703901681381,7.116327485160621,3.0751133,,,
9.005671,57.77649883573101,25.594498695324443,7.166334012241713,0.6239681,3.54987,6429.8667,1.5182906
13.760721,58.24651845676229,24.901348725846297,7.260679865354294,1.867754,0.06897109,4109.0,0.51821965
13.6791115,54.871764379871905,23.499179068957385,7.471264462110723,1.8387957,0.07449298,4016.0,0.5637972
18.004625,56.62930508257019,23.026158409408758,6.972142235069737,3.2275276,,,
19.025648,55.817153216639184,24.37432781860659,7.456152521617411,3.2696934,,,
17.88816,55.55626055867918,24.313678237202087,7.141901362932087,3.2307186,,,
11.162713,58.348868684258974,24.064842883805184,7.343179615797544,1.0093727,0.49503377,5308.0,0.83197105
15.731784,57.063683978664656,23.700799715103283,6.357743743011255,2.919138,,4630.925,
15.762332,57.50913835348258,23.862229186210993,7.622099972815705,2.7205505,,3970.53,
14.508653,56.036793128666034,23.07971215147843,7.248336374529244,2.2148962,,4088.8325,
17.549198,57.799580664302816,23.745218149870265,7.3061025239599955,3.1902637,,,
16.682201,56.93613476914638,23.700710808970555,7.166039336006279,3.062623,,3676.97,
13.028597,56.38733921835385,24.303040529751346,7.519755647747393,1.6062174,0.10983113,4370.3335,0.5780777
17.720297,56.87289826454588,24.20534757219074,7.61517477191145,2.7013454,,,
8.087943,57.300872117294645,23.886593866853126,7.448522516836224,0.30456018,7.9981546,7860.0,1.5251145
14.835606,55.66768278292758,23.989166895786504,7.2721901369147774,2.4949436,0.040695585,3440.6667,0.567729
10.597236,56.05809553466943,24.77920150953242,7.321028086128957,0.8934126,0.8191469,5503.0,0.9957138
16.551453,56.050661931330865,23.87689417645155,7.277896585133012,2.917448,,4625.0566,
19.515036,56.956076833509265,23.53121177717959,8.146063067652998,3.4008179,,,
7.818111,56.465242240758876,24.038682575720483,7.2260253152830325,0.27399445,10.890276,7854.25,1.7822255
15.810461,55.26255807160009,23.7224853783673,7.4668262997229204,2.7223368,,3935.98,
16.037807,57.296061034552245,24.347405254181805,7.320455641110415,2.8016157,,3899.1602,
8.324233,57.18298747936535,23.259621234550853,7.190476035118598,0.3917637,6.7253165,7471.93,1.5475454
17.550106,57.38409460251351,23.271505071876398,7.0860922136433055,3.122097,,,
17.659185,56.27740405421808,24.678415237568007,7.554070400251451,3.1098652,,,
13.663716,57.29709804832645,23.55503384861043,6.031809346982943,1.8599348,0.11161216,4074.7,0.670374
15.169112,56.769873814074856,25.380418200826085,8.223137862451429,2.8210611,,3848.8774,
16.679869,56.857970957157356,25.4405726444246,7.252800292388443,3.329687,,3912.53,
18.951893,57.210255647662926,25.298372222281905,7.4002288001348315,3.2626743,,,
14.12439,57.81600215359561,23.282078587123788,7.395554982415854,2.0566425,0.05963526,3763.3467,0.57445467
13.026153,56.922760631376605,23.9717338181528,7.349072622231522,1.5596657,0.12499703,4209.2065,0.66481686
17.886549,56.116365253525466,23.999775347177685,7.445820125595937,2.979435,,,
17.143373,56.39167310862841,23.185017009496903,7.334969551474971,3.1653023,,,
18.138613,56.600600579812756,24.50341715840191,7.402242058801408,2.6928291,,,
16.071756,57.10522526001863,24.240363693914553,7.265084316056599,3.0275965,,4037.4133,
13.853169,55.589852691000104,24.664477709157737,7.442000104140751,1.908227,0.07120942,3851.3,0.5993861
16.891602,58.011036854597265,25.104008033732377,7.199120479930935,3.0543203,,3974.1199,
17.054266,55.574650665302,24.115885490139195,7.19492946601324,3.1432905,,3860.9524,
13.357169,56.58539698202637,24.78528924307344,7.37433967722643,1.7055159,0.09278147,4184.5,0.57955694
15.038091,56.96235535022014,24.505022419541184,7.313090572044611,2.4275846,0.03548596,3369.0,0.55294114
16.52099,56.71926583570502,23.64514510815861,7.058621816193022,3.149191,,4065.0,
15.208042,56.31729480042833,24.121000971557592,7.6284689100926615,2.438326,,3407.6667,
14.401714,56.84108913791482,25.89774553970474,7.097775045723311,2.169073,0.058875777,3540.3333,0.64495987
19.885986,56.59892508061023,22.837771952377775,8.796846453312337,2.6792202,,,
14.763028,55.00086598217405,23.434781932538865,7.358040953332532,2.5739288,0.04684068,3328.0,0.65102494
14.037812,56.63705919310731,23.305137236563,7.29618735534681,2.009222,0.05795193,3963.105,0.51064074
16.417072,55.912745055948314,23.734651700700915,7.054869079204918,3.1420069,,4063.6501,
9.363033,55.72974253767833,24.492875073024877,7.194996006933928,0.6653547,2.5427234,6196.9,1.3834175
12.386156,57.72446672299439,22.547871597709477,7.267364722986807,1.3520269,0.18017305,4828.8867,0.6064619
15.540159,55.36208584847082,24.01718892303026,7.353671721519426,2.980093,,4508.19,
16.44994,57.08459639097193,24.91519789022342,7.145364445851382,,,,
15.165859,57.02434715345686,23.03395631116099,7.322842126341937,2.5128841,,3441.0,
19.18257,55.52400184617627,23.120573953273514,7.891171269508199,3.2311115,,,
17.852543,56.31845366293713,23.56698069944911,7.334957984113541,3.1548843,,,
6.4089994,56.51217735555753,24.527703507022782,7.345346779785368,-0.014213085,,9654.0,
16.261713,55.21602444643141,23.230541773674027,7.247182185200604,2.8966913,,3961.827,
18.141037,56.4905033929349,24.051238675724587,7.410060430263509,2.505415,,,
18.554155,57.18629668761195,24.623035676835627,6.817813564812797,2.9098492,,,
17.929604,57.24910709518798,23.201887143526545,6.606968319129042,3.5359077,,,
6.2838345,56.83775691923278,24.116073676973148,7.444952560871437,0.023653507,,9500.0,
10.211149,57.14388404828172,23.43459722765938,7.279304144152577,0.7964411,1.159358,5741.0,1.0883945
12.792986,57.85177538535644,24.08717860679977,7.382369336356251,1.4841623,0.13652635,4452.54,0.62093365
17.412966,55.685303691768915,23.970772366221585,7.14880624368631,3.0668945,,,
13.683444,57.849310085421976,22.841279187745055,7.423973089213142,1.8474197,0.079022735,3935.8025,0.60459155
13.257669,58.18905823597156,25.279666153154206,7.2094609030308785,1.6515636,0.10434084,4219.77,0.6043691
16.488987,56.199424227516566,24.214457014435638,7.159817911067352,2.762803,,3904.36,
16.505808,58.35055576865284,23.799406616617407,7.356141697341031,2.9622326,,4255.9834,
18.09349,55.86628386631932,25.02790148189307,7.064854892678619,3.6457996,,,
17.087406,57.3978111908737,22.390473439268057,7.508909909374305,3.0077572,,,
18.447723,57.46854033840972,24.06179452034221,7.29570980219096,2.7990704,,,
18.497711,56.77419423081148,23.759497304683475,7.3377100832977895,3.184555,,,
18.5149,57.42177053191857,22.944506516188177,7.192063134217341,3.4225063,,,
16.34545,58.22612738865643,25.295223741903985,7.523441458200349,2.916462,,3790.4934,
19.33303,57.313096588748614,24.606097124883906,7.433483899326214,3.1292076,,,
15.644554,57.99514450354509,24.66773033286349,7.31678542308922,2.6478958,,3682.3333,
9.335321,58.22291288527084,24.71553734956823,7.091487672187328,0.6475563,2.6772974,6375.57,1.3411055
10.343406,56.69617935087971,22.914385942452792,7.19306083689944,0.8397875,1.0633209,5589.867,1.0994661
9.981662,56.39757956546967,24.083017374039017,7.503006634693022,0.83480644,1.3650905,5578.275,1.2509315
10.296782,56.594550492379376,24.569955999479202,7.1804702892911765,0.82882595,1.0987462,5775.0,1.0471222
16.153196,56.91405264569869,24.458738740036477,7.432656309723295,2.9129477,,4268.42,
11.268925,56.75600714500293,23.494747672339564,7.460507829982148,1.0223904,0.44056356,5220.5,0.81139576
17.454468,55.37800978666672,25.197739637004094,7.272343091756523,3.2319336,,,
16.00409,55.50015608515147,25.029608411560087,7.205960298982081,2.8399782,,3971.32,
16.187,56.30591670660496,23.516722911229543,7.19113800728648,3.1344852,,3894.0352,
16.797682,56.893871878330366,24.03956016954016,7.527420166879927,2.5298405,,3845.87,
16.349155,56.24181645710176,23.408477493103433,7.358470684261602,2.915784,,4364.74,
17.531769,56.98604690056442,24.258677147198966,7.555396203454178,3.0660973,,,
13.8229885,56.5160068677058,25.452802417208005,7.290626054390116,1.8749657,0.069053896,3998.64,0.54754794
17.260897,56.593676890721405,23.485434113825423,6.97208979731446,3.2951422,,,
15.92664,57.960864074707104,22.8955209251234,7.423039695623092,2.7734184,,4058.79,
16.08218,56.132236908286586,23.590431545441653,7.189564795415239,2.8114948,,3921.1,
16.913992,56.89952635942654,24.873971379868113,7.425800253643037,3.0540323,,3873.66,
14.259017,56.41275504551179,25.224215193288845,7.281297155041481,2.1187134,,4016.5066,
17.622215,57.163845782196866,24.838705846098563,6.803740950965195,3.1765556,,,
18.782503,55.43225582252113,23.133148867633977,7.385550083003962,3.7209892,,,
15.924776,56.61261036558561,24.4537484589611,7.0826693038316,2.7505665,,4098.6675,
12.557741,57.69188781361377,22.930483224187373,7.289409564320733,1.4923582,0.17523228,4434.75,0.7091227
15.182101,57.49314666427368,23.709220004345646,7.352547121183138,2.4827223,0.030062191,3395.0,0.5011681
12.294708,57.64417261571278,24.507578253251705,7.096746728113207,1.2865553,0.20494658,4839.74,0.6439155
17.048546,55.251688880061366,24.22627317196434,7.180694334992793,3.0732822,,4043.9033,
16.847776,58.180227820072496,24.466116939319384,7.206343707193117,2.994135,,4305.75,
16.321098,54.92805756157393,23.907556658667687,7.548557873929406,2.938428,,3786.41,
16.317553,56.70879498158268,23.53208765212497,7.435068511681746,2.8989172,,4367.8203,
18.674467,54.791173406961256,23.98112208872836,7.5483939044205846,3.2731647,,,
13.1314535,56.90846391290383,23.46785524272098,7.246241760007566,1.5964804,0.10776677,4366.75,0.5735594
14.102081,56.647302345350084,23.411537272526928,7.258931890318411,2.04033,0.06328825,3761.0,0.59252614
7.146499,56.407550198767815,24.33546410238312,9.662704410961986,0.2642641,,8759.0,
17.474472,57.670183214474065,24.667254389252257,7.142849711181231,3.0867214,,,
14.476115,56.34797934059688,24.850610549125534,7.208744315701594,2.2304296,0.053148054,3544.0,0.61151755
16.533262,57.02772108561067,24.001726557158868,7.254396900881072,2.9032993,,4277.9375,
14.794772,55.5455968203072,24.08553709751261,7.757803087607915,2.499961,0.040537037,3338.5,0.6018328
17.199932,57.67688578253884,24.215250712750134,7.571391259496583,2.9977942,,,
15.743797,56.2390019010309,23.992184854324265,7.533099942908745,2.6714725,,3604.725,
18.103546,56.55978175852915,23.85061914636023,7.283831088787328,2.3577938,,,
16.568806,57.61402930609694,23.379018785769077,7.387620017173574,2.9679937,,4619.04,
15.674363,57.97466032559201,24.047518335032066,7.073044777876897,2.974308,,4620.34,
15.40569,57.849633268627386,25.09781114989232,7.28349683325322,2.5375776,,3665.0,
9.049635,55.519780350355354,22.85836436910278,7.368943783706067,0.6422272,3.2262459,6363.0,1.4780105
17.474613,56.71438570129497,24.10432913140181,7.359757216328837,2.5130405,,,
16.724789,55.10957629865637,23.357942249381342,7.072507858554764,3.097227,,3648.42,
17.79109,57.08581067609467,23.516882906113697,7.09561620829703,3.3021889,,,
9.986124,57.07051867858952,23.63659067909121,7.095886635807336,0.7458563,1.4886377,5886.2,1.1732136
10.302865,57.298985779305525,24.636387615571646,7.160771601441617,0.8136463,1.0964035,5809.0,1.0337965
17.324492,56.5191032686132,24.165374744546735,7.4466880474213335,2.9053192,,,
16.502985,58.13899299486707,23.851744288804017,7.296214791945319,2.9487123,,3944.7651,
13.838818,56.76501821521337,24.159493563402044,7.409468715511654,1.8939762,0.0736497,3834.0,0.6150833
17.718502,57.33862366981351,24.69453420277001,7.074900166213072,3.2001553,,,
15.329321,56.574829733250596,24.68580470346459,7.405886837561938,2.5274477,,3462.5,
17.724459,56.48650944092658,24.368685509525864,7.1794347205048785,1.7582893,,,
16.366108,55.98874201608798,24.222182298735095,7.4831017985309884,2.911893,,4527.1523,
12.594947,56.615812910937784,23.5925211352823,7.258132997063344,1.5945015,0.17443375,4387.0,0.7229906
15.076346,55.98634871354892,24.993330504101202,7.416413756346845,2.4762526,0.032569446,3395.0,0.5216489
17.667574,55.41178380959435,24.385752333589473,7.044738538511695,3.1930885,,,
7.531583,57.48590631068158,24.348800246532413,7.264210753336612,0.09696245,,9103.667,
17.562769,57.7637355718307,23.583234458305085,7.366373023653223,3.1419888,,,
11.08914,56.42449368858384,24.431322983977996,7.311593601835325,1.0163317,0.54479575,5180.8926,0.9161368
16.658134,57.92637965790145,24.361317949041393,7.347082908076086,2.8881092,,3991.6833,
15.420517,56.074039068635734,24.44619409396463,7.321262721932614,2.5928602,,3994.345,
18.924332,58.07357307023792,24.454946233887767,8.043071032999174,,,,
16.835129,57.13271111467598,24.032809356478225,6.8975533352769,2.9200516,,4570.21,
15.462837,58.12888205630578,24.54418433947399,7.365046338103122,2.888301,,3961.8264,
18.026237,55.27187090493853,23.837359284394996,7.469501729011464,3.339405,,,
18.679129,56.53153647199701,23.745006809416516,6.9335803656060975,1.9147568,,,
19.65225,56.558641804602786,23.36556148008747,7.221615524663961,,,,
18.02123,58.18460549631557,23.904017753072303,7.361440312600973,3.330202,,,
13.403344,56.30003455990275,24.58599482425714,7.574021534178987,1.7093868,0.082894444,4214.73,0.5399777
16.206133,56.97037045169844,22.992605551916206,7.159729334178143,3.118886,,3483.5,
17.415617,56.68002020714015,23.62260917114157,7.309224091818323,2.8909874,,,
12.223905,55.860996291134555,24.99413885271326,7.7029887282952965,1.3712006,0.19835708,4623.447,0.6941363
16.026741,56.8950047540231,22.801131307503343,7.482735925019201,2.8307257,,3976.66,
15.0645685,57.08269846941905,23.60314412633721,7.293600691701368,2.4345636,,3880.2566,
10.823414,56.002570030026625,23.543750194551098,7.221583066446017,0.996192,0.7068049,5238.0,1.0208724
16.902199,58.01870824582739,24.244185499354586,7.675885011725199,2.9605665,,4443.035,
11.105286,55.961363374887895,24.24729888808018,7.623618789333136,1.0127316,0.5008591,5100.0,0.90650475
17.213495,54.92139246134386,23.47300769610576,7.172466609965421,3.1554146,,,
18.343576,56.804958748080686,24.012398937192437,7.191280893614339,2.3190594,,,
13.394528,56.66782697311929,24.930870604783973,7.33824662225974,1.8433132,0.105826706,3931.75,0.7010976
17.201006,55.671630307475986,24.028401981627777,7.2283114614738055,3.0843658,,,
13.138794,56.46043864888395,23.87376023328266,7.2286349262281195,1.6823072,0.11568869,4221.5,0.6358644
15.832394,57.99722672164111,24.66618453827813,7.430325120241674,2.7350063,,4076.08,
16.489231,56.13787890242062,25.752525936755795,7.168860851935536,3.010726,,4218.5127,
15.750729,56.86723042198559,23.448028685742912,7.118263776636422,2.7327852,,4010.33,
13.871589,57.15691561236249,22.7691196794908,7.294461300401733,1.9494781,0.07303621,3847.9802,0.60807353
16.177538,57.40055245166255,23.939622944725002,7.251180607426489,2.8555174,,3607.8901,
14.987151,57.70410283145419,22.66984679941253,7.436463780868698,2.476138,,3654.9,
11.404611,56.54907599667182,24.6221252796881,7.528025263415855,1.0632076,0.37999064,5252.375,0.74443644
16.69936,57.365005977589696,24.403643071638854,7.404436255009421,2.9824944,,4570.21,
7.339084,56.613757134269655,24.25480650896728,7.21777120370273,0.14102697,17.016182,7884.7993,2.2105606
17.190712,58.18540185917614,24.349689501299974,7.288066264423179,3.095889,,,
15.558646,54.94318450091718,23.98123806679467,7.387778052935217,2.6468468,,3562.0,
12.207973,56.34253915741324,23.471516531056885,7.222663277932795,1.3232079,0.20817357,4957.5,0.6185004
17.079948,57.1240498819283,23.968133748552297,7.313784279974234,2.9914904,,,
17.911009,56.789306351516146,24.259495681618805,7.89516269785351,2.9522629,,,
17.574656,56.04707805099306,24.876059029237055,7.542372474738592,3.038374,,,
16.603014,56.038906062642724,23.146197622588325,7.3120306830371895,3.0843725,,3836.2676,
19.510315,56.592781928218805,23.873921420776902,7.3024304237226225,0.8096943,,,
16.486925,55.040432696350585,23.175552206121083,7.378075958627865,2.8728313,,4023.7898,
14.652494,56.82547250246683,24.03644264435525,7.350753554840518,,,,
3.8070912,56.456792517470035,24.367547533588063,9.477960159872573,-0.030336857,,9334.5,
17.125605,56.552849291993006,23.587018865513155,7.160652132721784,3.0165892,,,
13.73232,57.04583027944373,23.506817360212697,7.342758526357405,1.8267212,0.068021506,4138.37,0.50736105
14.523875,58.08614636376094,24.56531035764896,7.1364250012363,2.209241,,3826.6104,
13.717247,55.60962609589215,22.89446448682461,7.369149746333049,1.8398819,0.07847239,3922.0,0.6067306
17.677608,55.60954800940062,23.860613835537823,7.29789741562707,3.1640987,,,
17.059748,56.04572106237157,24.81260132799043,7.505215440428456,3.0037546,,4283.49,
16.83008,57.38016642209936,23.688637008690332,7.415586116546716,3.1136465,,4293.077,
15.08968,56.523583026342926,24.612165401284702,7.394165647668211,2.4725904,,3515.5,
6.989913,57.40916882845735,22.53329181388682,7.381836173834137,0.053978443,,9196.667,
11.823902,55.74682538936047,22.900712316570488,7.645259722932207,1.1916037,0.2713026,4855.8447,0.735953
12.087304,56.338368827078995,23.72727712316995,7.214712478561873,1.5521803,0.28890067,4333.5,0.95356286
17.440569,55.65402261565628,25.23251489843335,7.331375156497761,3.1776829,,,
17.202,56.78289878888667,24.393670797245697,7.21020790869438,2.9094543,,,
13.64851,55.90390489494264,24.39378723221872,7.3319576090971985,1.8285284,0.0837981,3933.5,0.6233205
16.825438,56.872393259672236,24.11411856183428,7.311055218847984,1.638916,,5074.403,
10.218912,54.80623032269012,24.466330873270657,7.028588424596789,0.80593777,1.2353592,5732.7676,1.1267319
16.719076,56.84184585589712,23.35996417531329,7.412133769302854,3.0870228,,4158.6226,
12.4656105,57.335900249758126,24.77646852211741,7.253766852178421,1.3821688,0.17129083,4761.86,0.6080881
13.451449,55.47365166994382,23.457803641334127,7.695466741146114,1.858427,0.07651637,4222.0,0.51700336
15.848419,56.66784064877462,25.731362301042097,7.144864897864208,2.7273693,,3913.2876,
17.014898,56.462715541254866,23.62128453386464,6.9820270275638325,2.5486164,,3828.0,
13.502793,55.30763347007284,23.38474831702237,7.222542988228997,1.7260284,0.09239514,4038.4368,0.62094146
16.276703,55.34540673411205,23.92991344073848,7.292019181156138,2.8881302,,4120.11,
13.348431,56.921681538693065,23.740092044054823,7.338616687684602,1.6672621,0.08640487,4357.6226,0.51573014
17.49346,56.68666198859496,24.749397733256693,7.3695899429929455,3.1099606,,,
15.096285,57.01744821227462,24.06572008168371,2.5539528340214472,1.6729584,0.15005554,4255.0,0.71281946
15.56619,55.93744213820162,23.055700432747532,7.188009625682279,2.6839495,,3589.875,
18.851374,58.02432444068705,24.291811665450236,6.609565162002974,3.2838287,,,
18.594755,56.10669134193801,22.668744764725865,7.389003076469721,3.5970287,,,
14.475728,57.55367829795786,24.351621686570635,7.238879948789157,2.2047224,,4071.835,
15.9558,55.90467915800941,23.642101190929907,7.456263902217357,3.0355148,,4139.71,
10.645163,55.88323237729152,23.67386006144805,7.3399394570259116,0.89705944,0.7780899,5524.3335,0.9629589
14.344227,56.70511899511804,24.59983174562707,7.296667673441762,2.15034,0.0529677,3681.5,0.5657292
17.803398,56.6692223024515,22.367533052724312,7.5419470047598365,3.518423,,,
16.996624,57.61602860662399,23.065130950421047,7.144392748460653,3.0252361,,4188.9834,
14.72701,56.00958852850887,25.064761358119586,7.4858654143068,2.3217554,,4062.44,
15.500054,55.51226872898163,23.931556248493386,7.541090077638328,2.6890078,,3865.0,
9.368323,56.79198513417869,24.27645979141312,7.320286278692637,0.6514597,2.44632,6164.8,1.3711069
11.4698305,57.259815996252684,23.252245250042474,7.118750909672832,1.0635023,0.4188676,5001.0,0.86213905
17.332096,56.72491282449877,24.132376831118844,7.187549442387589,2.6410322,,,
16.239822,56.34038867323201,24.54351203406728,7.0506731662524205,2.7189217,,3560.0,
10.929143,57.41426061223728,23.289914606353342,7.122070293438645,0.95699596,0.6436396,5416.0,0.9112063
17.656496,56.58093816712672,23.015322793906446,7.841654502176437,3.5787888,,,
13.43174,55.95261075515222,23.53919962873182,7.266316562686564,1.7248821,0.09702508,4045.3276,0.63414305
16.229826,57.563674837833695,24.226548551475197,7.617435629584536,2.8756533,,3847.495,
17.223673,56.58906198713825,24.564390527146635,6.981437067995462,2.9742584,,,
14.286755,56.765828788964654,23.61612113701928,7.1364311561007225,2.4694462,0.057932734,3692.4797,0.5881369
7.273158,56.851818364481254,23.914483989681937,7.195810034557828,0.049874306,,9426.667,
15.774042,55.704704999477215,24.170874118585832,7.655917930648455,2.7659283,,3994.45,
14.401151,56.52328959233108,23.757064383902023,7.313606606707921,2.4146633,0.06269682,3389.0,0.7263271
14.81861,55.536921352599315,23.587902064070473,7.313183775798682,2.3428612,0.041469164,3423.25,0.578946
19.327707,55.854184600698076,23.86690162510814,7.712197030167533,3.0772457,,,
11.733487,57.64893274484408,25.42631490391344,7.291899652227909,1.2233677,0.31999674,4906.7065,0.78279
15.998383,55.39057975122393,25.113316582148403,7.276790377544087,2.83525,,3930.78,
19.557598,55.697089941625855,23.011066705015313,7.886232803743804,3.2402916,,,
18.668432,56.1496599713162,23.57818120993537,6.6546999768332675,3.414711,,,
9.027333,57.38644990358085,23.380210377153357,7.132481799404462,0.5961113,3.510587,6604.3477,1.4311417
15.422249,56.90862923111683,24.819556745024013,7.151569380025824,2.5828314,,3539.0,
8.893207,56.337016707833314,24.92188054150604,7.159600193603756,0.6286812,3.94241,6540.825,1.5462099
17.876438,55.65988262968791,25.478854490552653,7.287574737087266,3.2678204,,,
16.600153,57.913030645013066,24.591270723822202,7.355696031459827,3.0004883,,4305.3,
17.7214,55.641606016427225,24.18338988680286,7.36191309182966,3.1399841,,,
12.136,56.51159305643508,23.737188251102534,7.275147952483675,1.7165222,0.28322452,4250.5,0.9813819
16.845224,57.140812430878064,24.032855910504576,6.8212922748256855,2.8579655,,3904.36,
18.875072,56.39881500082109,24.4093702017445,7.673986052214767,1.3406792,,,
12.001295,56.778340787562875,23.71495856720168,7.32202997032494,1.2329378,0.24467315,4964.0,0.6687784
13.754035,55.96737871230259,24.84142328724196,7.369683472216978,1.8678293,0.07788751,3882.6667,0.6167744
15.424112,57.62492529660627,25.051733403356252,6.893589886069857,2.555768,0.029647965,3305.0,0.5251788
10.156676,57.66705528629559,23.932850926556938,7.15988843728362,0.785573,1.2518018,5851.5,1.0886444
16.131664,56.36072994807127,22.52541538406021,7.498795371465046,2.814166,,4162.98,
15.276305,55.513834943322216,24.5368865246786,7.227775104693856,2.502078,,3674.1226,
15.409418,56.151259805712805,23.502908944620966,7.237221857892087,2.5989494,,3677.3333,
15.459362,57.73930115804489,24.108375082063546,7.30120136645655,2.5334454,,3663.0,
15.889762,56.04008050483855,24.5893788065725,7.262346354382879,2.7331257,,4220.735,
16.543308,56.33326974957322,24.473337524311326,7.468187906594988,2.8091917,,4618.94,
13.565852,58.488723221493515,23.34511122746795,7.461683047287921,1.8525305,0.090367846,3882.5,0.66441077
18.202536,56.57734705970551,23.98390784414624,7.543498455516707,1.7003956,,,
8.877219,56.21357742536709,23.268730594572723,7.254132800335653,0.5548258,3.8971024,6621.275,1.5001694
7.5111723,57.320103932538075,24.395939583270508,6.966707472789265,0.14096451,,8216.5,
16.634157,56.88780760735338,25.63831851840792,7.334387779009449,3.0522404,,4135.5,
7.787234,56.41633277663471,22.694271226816053,7.296161966916012,0.2567296,,8008.75,
13.360757,55.49565824024407,25.32880028026502,7.22829716303198,2.0514126,0.11845956,3855.52,0.771386
15.197468,55.10088860613241,24.584311698610282,7.32907917160325,2.4535913,,3733.12,
13.857836,55.90258794514913,23.453759965736857,7.3191681259573205,1.8997641,0.06999994,3919.595,0.57374525
13.742901,56.64972306801596,23.96683123776269,7.145928745607971,1.8467836,0.07519927,4047.8901,0.5575734
17.170603,56.22181306305568,24.018350718097295,7.3987280823012105,2.7250109,,,
19.310072,55.1191202454292,23.561634905600652,7.29260733087191,3.5205326,,,
16.167225,56.747222537491055,24.028398714621122,7.361535389400811,2.99782,,4443.035,
14.910411,57.36525149574102,24.531535247072224,6.737300569527864,2.496684,0.048822213,3327.0,0.66505224
16.927542,56.59786776331081,24.030753438218053,7.471073123679648,2.717515,,4134.885,
8.025201,56.64258761636632,23.62382810164987,7.148459964794544,0.5455704,8.799151,6718.51,2.1894102
18.517319,56.794466001533316,23.971059019272527,7.6277196132443414,2.8726845,,,
18.111498,57.169246766426845,25.022033409238457,7.387336410531891,3.3400726,,,
16.821768,56.46396802716198,24.29548749481391,7.48306415460046,2.4530563,,3712.6667,
16.002441,56.46920837601509,25.916496830513267,7.0751499517078535,3.0702562,,4185.8022,
11.34111,57.45992114123093,23.705394606429724,7.205443261054198,1.0337391,0.44779232,5141.75,0.84327465
15.409516,56.7883521449579,24.05198411956014,7.236047278366038,2.5437899,,3736.0,
12.790639,57.50275815045988,25.3986048003561,6.5622905726900544,1.7609863,0.22045527,4005.1748,0.97514665
17.077898,56.78973847193463,23.432160934508186,7.123109255163205,3.020667,,,
17.22878,56.730555417376586,24.18780429787699,7.29109478907833,3.2011213,,,
17.161867,56.61545988490553,23.81249779989496,7.350292019573992,2.6414251,,,
17.80788,56.15747103898677,24.42729269072902,7.106107983653764,2.9614944,,,
18.148432,55.73565759409797,22.85484006634539,7.335468332659461,3.357256,,,
14.91257,55.80453492986932,24.65524896606417,7.225563636755018,2.4242506,0.041057214,3362.0,0.59724426
17.270823,56.8747085325948,24.096931956028296,7.160426029161293,1.3497438,,,
16.766098,55.35989921094059,23.133945342816308,6.972267434167094,3.1084986,,3717.0598,
14.947666,56.32088155282936,25.263089221417758,7.1538101366353315,2.6865873,,3685.78,
16.334352,56.541544580332506,24.673710893188048,7.546404574284463,,,,
8.231667,56.830697474162484,24.138926201582947,7.347068599840799,0.35874176,7.0664654,7607.05,1.5304574
17.373108,57.20265344568088,24.504144209012278,3.343893909399813,2.502287,,,
17.659203,56.84331305373442,24.23841306692081,7.528489038400853,3.1804676,,,
17.411623,57.02449256575944,23.88344902350057,7.323247682365124,3.1623707,,,
16.924017,56.023512765189,23.061643965363775,2.6416551691478287,2.2781897,0.0416742,3539.25,0.542955
11.156267,55.86311549590322,25.38739383067703,7.232816060104039,1.0757828,0.53727806,5039.3335,0.9616255
16.60589,55.51430464861798,25.377412752832463,7.3009627526812295,3.1651983,,3909.0735,
18.998428,55.46464119101738,24.32412384375407,7.593180038127572,3.333046,,,
17.645365,57.83245913729718,23.067651280701416,7.353776215583894,3.2114048,,,
9.586493,56.417493700335584,24.62703860846514,7.568906833789587,0.7463207,1.8869814,5926.5,1.3029864
16.85819,55.7153758793177,23.14533502578248,7.247139976584866,3.2622318,,4155.5303,
18.596163,55.16450186805006,23.442872822008535,7.434519014237995,3.52137,,,
15.06558,56.725203001348206,25.245652598801325,7.106221478223396,2.4576235,,3614.0,
16.162157,55.651176064601735,23.367844887620805,7.422496753037038,2.843028,,3930.78,
14.534834,56.46955931193323,25.861537735540054,7.180123271508719,2.288885,0.05094619,3539.0,0.60040927
18.86749,56.286262912000296,24.402489393602142,7.631436456769117,1.821703,,,
18.552193,55.74976409951248,22.71416635019264,6.866815701523653,3.801773,,,
11.5116625,55.12810756693859,24.487119845941066,7.240471737447157,1.1248474,0.39173976,4976.0,0.8421525
18.222229,56.09235600765149,23.18175155736167,7.138239569288246,3.3325825,,,
17.364464,56.48794187256284,24.3501017541492,6.98927552162802,2.2008038,,,
17.429611,57.605006679379706,22.675360451046153,7.272556620629362,3.2162476,,,
16.764149,57.07240084460315,23.806403391300915,7.034770374223936,2.9623728,,4464.767,
16.674482,56.59603414570465,24.60485653631404,7.3971122596976056,2.8317242,,3740.3252,
10.747876,57.38808968139058,23.795201753088413,7.191551866542105,0.8950987,0.7440441,5438.45,0.9716317
16.958044,55.10874750004816,24.536822065477455,7.061335175322899,2.8988667,,4336.298,
16.235586,57.33466439553637,25.428307776812897,6.797468042323624,2.85221,,3965.4631,
11.858036,56.183208086549044,25.49909647865731,7.170109439324677,1.192009,0.29567885,4898.6,0.75495106
16.091797,57.83124447947513,23.163592077675457,7.267979354661813,2.8487349,,3895.1099,
14.237983,55.62266390713726,22.7903894150911,7.242485941533762,2.1059608,0.055208996,3784.245,0.54663706
8.208464,56.56677415601188,24.189734528215197,7.3935352662039655,0.42568254,6.961213,6911.72,1.8400211
18.828148,56.10635616457018,22.463704889100274,7.127904386371402,3.8291626,,,
17.82392,57.498152996985894,24.195905016667552,7.265152463214431,3.1334152,,,
15.111785,58.42074478763691,24.419209227516994,7.290620725062345,2.4016466,,3677.0,
17.579325,56.799500777696764,24.231447688139884,7.072840797877214,3.1648521,,,
16.33223,56.940669022343506,24.09348475562874,7.36505339841698,2.6816845,,3805.9402,
17.623316,56.90992417205977,24.599779133176426,7.123437592228409,3.1182766,,,
16.333363,56.59257058568546,23.877937147203138,7.165199863491579,2.7284775,,4021.8826,
16.742987,57.74243717116892,23.92836393715489,7.093679175272539,2.9336786,,4710.605,
16.115524,56.66683842833214,23.782747089160637,7.267479159849551,2.7759695,,3955.02,
9.299754,56.66006061831633,22.919590210538995,7.209941658161527,0.6647806,2.6803288,6269.2,1.3877857
17.227594,56.93522153294727,24.61533709519705,7.281761798651793,2.9744387,,,
14.356038,56.12540143006648,25.59621679289213,7.01633939644409,2.136445,0.052994497,3777.89,0.5373651
18.970186,56.55990246005301,23.850237331215272,7.171069267534782,,,,
16.638477,57.4812591208343,24.10124091302143,7.501517130287457,2.9143686,,4630.13,
10.871961,56.06105598923489,24.10192068146525,7.173243564075554,1.2803516,0.7420269,4848.5,1.2208089
17.46701,58.03320352008259,25.46503724237536,7.202853246652489,3.2510567,,,
19.401106,57.239243798036355,23.232942121426227,6.983354080339043,3.3801155,,,
17.815897,54.96121431051758,23.764408748782216,7.08855406352207,3.3077316,,,
15.032399,56.11208788174834,24.40865144447488,7.241883322870507,2.372159,,3815.0,
18.626999,56.75775571133306,24.224334115583755,7.411310987803389,2.9798603,,,
7.8457074,55.92314746418906,23.64896406429235,7.469767742820378,0.49204302,9.600663,7257.175,1.9600543
10.8633795,56.6184812368348,24.433745378735377,7.373470280478264,0.96805,0.640015,5389.5,0.91759443
17.184664,56.74282759970365,24.02800166213514,7.590365136672096,3.0530758,,,
15.203925,56.041385999070755,24.267630554868646,7.366468020339516,2.5052528,,3556.6426,
16.357365,56.86159346019795,23.633884175649943,7.365836586923728,3.048687,,4084.33,
17.13523,55.35291969728294,25.384835684053037,7.009606604443857,3.0367393,,,
16.917055,55.33071154501385,23.861474162488683,7.21298439353355,3.0992022,,4438.1777,
15.9793825,56.36897008097548,22.984326417925075,0.8223780000284431,1.1055889,0.4874693,5056.16,0.90988106
17.329027,56.77548881310441,23.755449510321277,7.146564845411712,2.9898586,,,
16.235847,56.35335693767896,24.34577563577758,7.095177110547309,2.6450014,,4218.3096,
15.746541,56.517995747230835,23.927848399445,7.091920325427679,2.520113,,3651.8699,
16.143957,57.084656987627135,24.915062869119165,8.36731856457753,2.940467,,3707.5,
13.770322,55.678564705907604,25.280903376826505,7.022063832886972,1.812748,0.07510851,4065.0,0.5525558
10.361045,56.57505930427408,23.486463617610454,7.11853140511571,1.1352091,1.1698532,4974.6196,1.4561247
17.186306,57.97516526436281,24.04735714869153,7.034272469888607,,,,
16.560986,57.34232918623606,25.793695804190442,6.900333386057187,2.9870863,,4305.5,
11.418302,57.729607992796694,24.197252568078234,7.1515871203658685,1.0413036,0.42127362,5170.3,0.8089158
13.716142,56.43373625175265,24.073929608017014,7.254079344548508,1.8322735,0.08177857,3909.0,0.6235066
10.134455,57.485488958127426,23.21843739440713,6.798870978329136,0.7858448,1.4171873,5848.7,1.159438
14.9961605,57.798123659825286,24.386806527796,8.164850433548803,2.5902958,,3692.0,
17.5849,56.6870602107624,23.618558938499046,7.167705825670857,3.1481514,,,
12.372397,55.61507853597353,25.046834235084876,7.238080541411509,1.3064299,0.1771138,4983.6665,0.564522
15.859627,56.54004305780273,22.710214657096657,6.813013573657849,2.9858608,,3730.345,
17.669632,56.512417823945896,24.68199438854908,6.575707443515228,3.3416157,,,
9.982312,56.438112310076725,25.595608824709974,6.362948221958773,0.7758837,1.869626,5772.0,1.3673427
18.595245,57.42996543503752,24.662769716290903,6.683943351171712,3.2964058,,,
16.452833,54.76441314756704,24.110158120116417,1.3137443459122198,1.2998514,0.12909812,4862.263,0.50633234
18.196487,58.504719431248446,23.327920186616776,7.092131138007902,3.2852955,,,
16.982763,57.729162833222986,24.550851151803737,6.801867470317585,2.9913988,,4386.975,
15.531212,56.455767588285326,24.418512027725818,7.336739089238796,2.4765387,,3420.6667,
14.000706,56.89678606685575,25.543764722105948,6.792325773102134,1.9685411,0.073522285,3873.26,0.60215575
17.598877,57.573355642185156,22.93288930711686,7.362426606224212,3.1872559,,,
15.638271,55.851742597357216,23.224908741924317,7.323733357827996,1.9933558,,4831.0,
8.537581,56.27733514769778,24.263315816052554,8.003393600342932,0.47645378,4.406881,7138.7095,1.3723942
17.076488,57.06457352629412,25.243318921088235,6.775318437124673,2.9987116,,,
16.234043,57.591904159287424,22.62550536140903,7.073018471869435,2.8717546,,3991.6833,
17.256842,55.92983106339691,24.548804053649626,6.8601481468673535,3.0378218,,,
17.22428,57.184187279145135,23.260471190852538,7.229987938639199,0.65531635,,,
16.764875,56.05851174443434,25.537473412091007,6.917758962559077,,,,
16.541647,56.73248988357338,23.93987805317401,7.0805850050275545,3.0091658,,4185.365,
18.987007,57.21023502934634,22.74150504807497,6.598820027596697,3.5115871,,,
16.326908,56.11065097690909,24.486354121449363,7.052117485815772,3.0891504,,4218.42,
15.538248,55.11009507905275,24.08977026619689,6.68292829930889,2.631671,,3654.3398,
8.201289,57.0565738117554,24.318218144074056,6.992730253845261,0.51014566,7.8465357,7011.135,1.8985192
16.745174,57.60485361122512,23.92811337522489,6.648185063675668,2.9775887,,4522.045,
17.48106,55.592295352865875,25.065507946077513,2.5545895350731254,2.5271454,,,
16.586702,56.514478024056416,24.349027912269126,6.721193674254313,2.5570307,,3556.3,
16.810886,57.77967490256374,23.349188977175515,6.6290572812464506,2.9585152,,4011.2275,
17.043743,57.32779400700889,23.780095987345067,3.263394599437551,2.45928,,3472.0,
15.897217,55.05317012430037,23.15978243128647,6.857588009527505,2.7696428,,4069.5598,
17.340843,58.31857531322915,23.349345663839266,6.9108377196652615,3.1015167,,,
14.110945,57.25982449418662,25.72325234854035,2.6692977240044327,1.3563108,0.27826503,4757.755,0.77638626
17.134586,55.76824794904319,25.436569228551992,6.747040371404062,3.2438421,,,
15.868452,56.98038147360849,23.318142952914368,6.47476759734444,2.7004519,,3820.9927,
11.551752,56.72201501070958,22.880754149426238,6.732059170709437,1.0697002,0.43240777,5021.875,0.86869556
15.663534,58.10007111297779,23.920907829301267,1.3521313482691881,1.240819,0.24938406,4905.7803,0.69130677
6.9133115,57.71855016316741,23.961275530861606,3.912602490669292,0.1459403,,8350.0,
10.34908,55.85234332979304,23.225748519752294,7.177491635999279,0.961092,1.091812,5338.0034,1.2217121
13.727313,56.30933039482449,25.08863736599787,6.704077931290965,1.7710791,0.086059496,4059.0,0.5932175
19.309088,55.89252339832218,25.037821922264467,6.673315270947494,3.3864174,,,
14.454748,55.902418375262634,24.232131376784626,6.909872343373746,,,,
18.484653,55.498666586670765,24.704944903918147,6.969846528904879,3.242075,,,
11.321647,57.243797717307224,23.201001989465407,6.998760609478673,1.0961046,0.49246752,5042.067,0.91965353
13.883172,55.674684812031806,24.19928217396679,6.836438889766712,1.9294043,0.0743316,3998.0,0.5682688
14.61721,56.15749343159547,22.92085143059296,7.073061912031666,2.3609018,0.049680766,3512.19,0.60199213
11.048224,56.061257498930104,24.10144220310337,6.9495949782555355,1.3170204,0.64818907,5000.0,1.0729104
17.029175,57.21790230339601,25.375520879582233,6.368546992784489,3.0898962,,4438.1777,
9.703188,54.78812853465073,24.36762874556284,6.955217069282168,0.7573662,2.007155,5924.125,1.3449146
9.779877,56.710653248800895,23.23900554859438,6.497724110463439,0.7465296,2.1408794,5945.6665,1.3789473
16.111353,55.86026323058008,22.71167779862398,6.4572668426796085,2.756837,,4092.7131,
15.995258,56.058141940235586,25.537482679568495,6.744073800937841,3.0346317,,4608.575,
11.852763,56.92086937738764,22.929795242347176,5.779793155571492,1.4042444,0.5138335,4526.755,1.16544
8.186488,55.93026389936584,24.37439577313848,7.226433157469438,0.3529148,7.8390136,7963.1953,1.4709862
15.502478,56.52593737482286,25.112615865787628,2.085063306090723,1.5151691,0.14168718,4443.0,0.6352802
17.42207,57.4415048428986,22.89538761024952,1.7303909037429166,2.0492382,,,
11.906063,57.765431974932255,22.84039510927318,4.196959544773844,1.1026592,0.81610394,4947.18,1.2297305
