Date_Observed,ra,dec,SIMBAD_Name,Source_Type
08-09-2018,311.0407,-10.723457,Mrk  509,Seyfert_1
09-09-2018,308.063667,37.637472,V* V2246 Cyg,HMXB
10-09-2018,274.005787,-14.036283,V* NP Ser,LMXB
11-09-2018,248.506708,-47.393,X Nor X-1,LMXB
11-09-2018,356.77015,51.70497,QSO B2344+514,BLLac
12-09-2018,237.370539,47.104903,0,0
12-09-2018,83.633083,22.014494,M   1,SNR
12-09-2018,237.370539,47.104903,0,0
13-09-2018,83.633083,22.014494,M   1,SNR
13-09-2018,12.08,85.223917,Cl* NGC  188    DGV     702,Star
14-09-2018,83.633083,22.014494,M   1,SNR
15-09-2018,23.461667,30.726667,IFM-B 1049,Star
17-09-2018,248.506708,-47.393,X Nor X-1,LMXB
17-09-2018,254.457542,35.342333,V* HZ Her,LMXB
18-09-2018,248.811667,38.1525,0,0
19-09-2018,24.17395,15.78366,[CHP2004] J013641.7+154701,X
20-09-2018,254.457546,35.342357,V* HZ Her,LMXB
21-09-2018,12.08,85.223917,Cl* NGC  188    DGV     702,Star
21-09-2018,254.457542,35.342333,V* HZ Her,LMXB
23-09-2018,57.604029,17.246509,V* V471 Tau,EB*
27-09-2018,248.811667,38.1525,0,0
28-09-2018,267.60175,-29.037611,SAX J1750.8-2900,LMXB
01-10-2018,26.012292,61.888972,EM* GGA   83,Be*
01-10-2018,294.998792,-30.96475,M  55,GlCl
02-10-2018,332.880708,18.092833,BD+17  4708,SB*
02-10-2018,340.611792,-50.066917,HE 2239-5019,Pec*
02-10-2018,39.960829,18.02428,NGC  1030,GinGroup
02-10-2018,322.680792,-60.00183,IC 5110,IG
02-10-2018,322.680792,-60.00183,IC 5110,IG
03-10-2018,310.463163,-32.43523,V* AT Mic,Eruptive*
04-10-2018,69.956833,-68.150389,1ES 0439-68.2,CataclyV*
05-10-2018,83.633208,22.01446,M   1,SNR
05-10-2018,316.7575,42.236111,NGC  7027,PN
05-10-2018,314.637079,-49.28472,MCL 26 205503.0-492842,GroupG
06-10-2018,312.258667,30.404972,0,0
07-10-2018,311.885958,30.741139,TYC 2687-2493-1,Star
07-10-2018,312.426,29.988861,0,0
08-10-2018,312.791042,30.071333,0,0
09-10-2018,312.258667,30.404972,0,0
10-10-2018,312.881625,29.067722,0,0
11-10-2018,311.885958,30.741139,TYC 2687-2493-1,Star
12-10-2018,312.426,29.988861,0,0
13-10-2018,284.148642,-37.91015,PSR J1856-3754,Pulsar
14-10-2018,83.633208,22.01446,M   1,SNR
14-10-2018,83.428,22.015,[SPB96]  854,UV
15-10-2018,359.253083,-34.680539,ESO 349-9,GinCl
16-10-2018,359.782958,-30.627969,QSO B2356-309,BLLac
18-10-2018,290.884121,-21.07593,[VV2006] J192332.2-210433,QSO
21-10-2018,65.001675,-54.937938,NGC  1566,Seyfert_1
22-10-2018,237.391917,70.348089,0,0
23-10-2018,174.11,70.1575,6C 113337+702604,BLLac
24-10-2018,174.11,70.1575,6C 113337+702604,BLLac
25-10-2018,333.879167,-17.734722,LBQS 2212-1759,QSO
26-10-2018,2.469917,-18.270139,HE 0007-1832,Pec*
26-10-2018,2.469917,-18.270139,HE 0007-1832,Pec*
26-10-2018,63.938042,-55.59225,NGC  1549,GinPair
26-10-2018,63.938042,-55.59225,NGC  1549,GinPair
26-10-2018,63.938042,-55.59225,NGC  1549,GinPair
26-10-2018,64.476458,-55.93289,IC 2058,EmG
26-10-2018,64.476458,-55.93289,IC 2058,EmG
26-10-2018,64.476458,-55.93289,IC 2058,EmG
26-10-2018,64.043629,-55.78014,NGC  1553,GinPair
26-10-2018,64.043629,-55.78014,NGC  1553,GinPair
27-10-2018,6.022329,-72.081444,PSR J0024-7204V,Pulsar
28-10-2018,356.757079,29.47111,APG  86,PairG
28-10-2018,355.637292,-65.9565,NGC  7733,Seyfert_2
29-10-2018,351.340621,28.49521,UGC 12591,Galaxy
29-10-2018,24.35625,-64.89639,NGC   646,IG
29-10-2018,58.239625,-68.521333,2MASX J03525755-6831167,BLLac
29-10-2018,351.340621,28.49521,UGC 12591,Galaxy
29-10-2018,83.633083,22.0145,M   1,SNR
31-10-2018,15.3725,-70.486583,SSTISAGEMA J010128.30-702836.9,Star
31-10-2018,16.168333,-71.225083,2MASS J01044151-7113377,Candidate_RGB*
31-10-2018,17.05375,-70.969139,SSTISAGEMA J010816.88-705816.3,Star
01-11-2018,18.268333,-71.038389,SSTISAGEMA J011304.98-710148.1,Candidate_RGB*
01-11-2018,24.35625,-64.89639,NGC   646,IG
01-11-2018,58.239625,-68.521333,2MASX J03525755-6831167,BLLac
03-11-2018,100.564721,75.62573,Mrk    5,HII_G
03-11-2018,9.808417,40.9869,XMMM31 J003913.0+405850,X
04-11-2018,9.993958,40.628717,EV* M31 V0144,V*
05-11-2018,10.193625,40.250211,XMMM31 J004045.8+401521,X
05-11-2018,10.510083,40.557781,2MASS J00420178+4033086,Star
06-11-2018,135.528583,-40.554694,V* GP Vel,HMXB
07-11-2018,53.458333,-27.966667,0,0
10-11-2018,160.990421,11.70381,M  95,GinPair
10-11-2018,160.990421,11.70381,M  95,GinPair
10-11-2018,341.835079,-65.05872,IC 5250,IG
11-11-2018,9.421279,-33.716331,NAME Cartwheel,Galaxy
11-11-2018,9.476917,40.683486,0,0
12-11-2018,9.801542,40.288367,[DMM2009] J003913.88+401657.1,Star
13-11-2018,84.429171,-70.57083,RX J0537.6-7033,XB
13-11-2018,8.406667,28.739167,AGC 102983,Galaxy
14-11-2018,147.37625,55.57972,Mrk   22,Seyfert_1
15-11-2018,335.029167,58.128056,NGC  7261,OpCl
15-11-2018,138.010125,-64.8684,SWIFT J0911.9-6452,X
16-11-2018,128.836062,-45.176432,NAME Vela Pulsar,Pulsar
18-11-2018,12.913333,-72.284333,SXP 4.78,HMXB
18-11-2018,140.3958,-31.445,4U 0923-31,X
20-11-2018,85.127083,69.378444,0,0
20-11-2018,138.010125,-64.8684,SWIFT J0911.9-6452,X
21-11-2018,237.391917,70.348089,0,0
22-11-2018,350.049167,22.401944,AGC 334315,LSB_G
24-11-2018,10.510083,40.557781,2MASS J00420178+4033086,Star
25-11-2018,9.476917,40.683486,0,0
26-11-2018,9.801542,40.288367,[DMM2009] J003913.88+401657.1,Star
27-11-2018,53.458333,-27.966667,0,0
29-11-2018,304.924083,28.5588,0,0
29-11-2018,7.487542,32.893678,NAME AT 2016fnl,Transient
30-11-2018,53.123692,-27.735364,EIS-DEEP CDFS-1 J 1  171,Star
01-12-2018,20.786033,34.346822,4FGL J0123.1+3421,BLLac
05-12-2018,178.342971,-11.08683,QSO B1150-1048,QSO
06-12-2018,20.786033,34.346822,4FGL J0123.1+3421,BLLac
07-12-2018,53.123692,-27.735364,EIS-DEEP CDFS-1 J 1  171,Star
08-12-2018,53.25,-28.257778,0,0
11-12-2018,94.092042,-21.372722,NGC  2207,IG
12-12-2018,102.247542,-36.005306,NGC  2298,GlCl
13-12-2018,119.92425,-38.732222,2MASS J07594181-3843560,Seyfert_1
14-12-2018,139.470458,-22.35467,NGC  2835,EmG
14-12-2018,147.177558,50.49198,Mrk  124,Seyfert_1
14-12-2018,170.06235,12.99154,M  66,GinPair
15-12-2018,85.127083,69.378444,0,0
15-12-2018,9.421279,-33.716331,NAME Cartwheel,Galaxy
15-12-2018,8.406667,28.739167,AGC 102983,Galaxy
17-12-2018,335.029167,58.128056,NGC  7261,OpCl
17-12-2018,346.181158,-8.68573,Mrk  926,Seyfert_1
19-12-2018,132.825,11.8,NGC  2682,OpCl
19-12-2018,186.6565,-62.77035,V* BP Cru,HMXB
21-12-2018,139.006208,-36.627056,NGC  2818,PN
21-12-2018,346.181158,-8.68573,Mrk  926,Seyfert_1
22-12-2018,168.437083,-30.713333,UCAC4 297-066269,Pec*
22-12-2018,168.72,55.033333,RX J111450.9+550208,X
22-12-2018,192.063458,17.774011,LEDA   43234,Galaxy
23-12-2018,350.85,58.815,NAME Cas A,SNR
24-12-2018,135.528583,-40.554694,V* GP Vel,HMXB
25-12-2018,83.63308,22.0145,M   1,SNR
25-12-2018,147.37625,55.57972,Mrk   22,Seyfert_1
25-12-2018,183.887208,36.283611,SDSS J121532.93+361701.0,low-mass*
27-12-2018,147.177558,50.49198,Mrk  124,Seyfert_1
28-12-2018,53.458333,-27.966667,0,0
30-12-2018,149.386908,33.61973,[BKD2008] WR 402,PartofG
30-12-2018,7.487542,32.893722,NAME AT 2016fnl,Transient
31-12-2018,140.409708,33.360647,SDSS J092142.96+332151.3,Galaxy
01-01-2019,160.879583,24.922222,[TSK2008] 278,GroupG
03-01-2019,196.059917,-10.3396,[TSK2008] 90,GroupG
04-01-2019,172.200942,58.128331,SDSS J112848.22+580741.9,Star
04-01-2019,12.08,85.223917,Cl* NGC  188    DGV     702,Star
04-01-2019,153.722833,-15.931444,HE 1012-1540,Pec*
04-01-2019,153.722833,-15.931444,HE 1012-1540,Pec*
04-01-2019,171.114658,36.841338,BPS BS 16545-0089,Pec*
04-01-2019,171.114658,36.841338,BPS BS 16545-0089,Pec*
05-01-2019,149.191917,28.8288,UGC  5340,Galaxy
05-01-2019,53.819121,-35.22625,NGC  1374,GinPair
05-01-2019,192.270833,43.095,KISS F1246-148,EmG
06-01-2019,208.258333,42.970556,SDSS J135259.95+425729.3,QSO
08-01-2019,51.17125,34.179444,QSO J0324+3410,BLLac
08-01-2019,51.038458,34.069372,0,0
08-01-2019,51.304208,34.179372,1SWASP J032515.17+341031.6,V*
08-01-2019,51.038292,34.179372,0,0
09-01-2019,51.304375,34.289372,0,0
09-01-2019,51.038125,34.289372,0,0
09-01-2019,51.17125,34.069444,0,0
09-01-2019,51.17125,34.289444,0,0
10-01-2019,51.304042,34.069372,0,0
10-01-2019,166.11375,38.208889,Mrk  421,BLLac
14-01-2019,78.528167,-40.046556,NGC  1851,GlCl
15-01-2019,86.757871,-34.25061,NGC  2090,GinGroup
15-01-2019,18.593871,-55.39871,NGC   454,PairG
15-01-2019,90.199767,-39.918583,2MASX J06004799-3955068,EmG
17-01-2019,185.341421,30.176975,QSO B1218+304,BLLac
19-01-2019,169.2275,18.051667,[VV2006] J111654.8+180304,QSO
19-01-2019,25.36975,83.583028,GD 419,WD*
19-01-2019,74.69275,29.843583,HD  31648,Ae*
19-01-2019,84.429171,-70.57083,RX J0537.6-7033,XB
20-01-2019,148.888221,69.06529,M  81,Seyfert_2
23-01-2019,51.17125,34.179444,QSO J0324+3410,BLLac
24-01-2019,12.08,85.223917,Cl* NGC  188    DGV     702,Star
24-01-2019,194.268,-30.375053,2MASX J12570425-3022305,Seyfert_2
26-01-2019,83.633083,22.0145,M   1,SNR
29-01-2019,52.669958,-50.30961,NGC  1356,IG
29-01-2019,36.820329,33.57917,NAME NGC 925 Group,GroupG
31-01-2019,53.123708,-27.735364,EIS-DEEP CDFS-1 J 1  171,Star
01-02-2019,237.391917,70.348089,0,0
01-02-2019,51.17125,34.179444,QSO J0324+3410,BLLac
03-02-2019,211.823,6.446,SDSS J140718.55+062637.4,Galaxy
03-02-2019,106.5585,30.233444,0,0
04-02-2019,51.571879,-21.33522,[LB2005] NGC  1332 X1,X
04-02-2019,188.584621,8.19775,NGC  4535,HII_G
04-02-2019,188.46505,19.8866,SDSS J123351.60+195311.7,AGN
05-02-2019,181.039125,20.347806,NGC  4066,GinGroup
05-02-2019,192.063458,17.774011,LEDA   43234,Galaxy
05-02-2019,217.04525,13.55158,[BKD2008] WR 378,PartofG
06-02-2019,214.584258,7.592529,0,0
06-02-2019,175.712375,20.442181,SDSS J114250.97+202631.8,Galaxy
07-02-2019,186.22625,21.382278,4C 21.35,QSO
08-02-2019,186.668708,19.754389,AGC 229361,Galaxy
09-02-2019,12.08,85.223917,Cl* NGC  188    DGV     702,Star
10-02-2019,237.391917,70.348089,0,0
11-02-2019,51.17125,34.179444,QSO J0324+3410,BLLac
13-02-2019,53.123708,-27.735364,EIS-DEEP CDFS-1 J 1  171,Star
19-02-2019,207.053042,-63.274111,MAXI J1348-630,Candidate_HMXB
20-02-2019,53.123708,-27.735364,EIS-DEEP CDFS-1 J 1  171,Star
21-02-2019,118.8554,39.18615,Mrk  382,Seyfert_1
22-02-2019,207.053042,-63.274111,MAXI J1348-630,Candidate_HMXB
22-02-2019,54.752333,29.696,V* V1185 Tau,Irregular_V*
23-02-2019,180.790058,44.53133,NGC  4051,Seyfert_1
26-02-2019,100.72975,55.474233,V* SU Lyn,LPV*
26-02-2019,198.230417,18.169167,Cl* NGC 5024    SAW V61,RRLyr
27-02-2019,216.845142,20.09704,2MASX J14272281+2005493,Seyfert_2
27-02-2019,230.4125,29.125,SDSS J152140.04+290720.8,QSO
28-02-2019,207.053042,-63.274111,MAXI J1348-630,Candidate_HMXB
28-02-2019,225.5375,29.746111,KISS F1500-4625,EmG
01-03-2019,208.457083,-17.610556,UCAC4 362-065278,Star
01-03-2019,128.127208,15.823942,V* FR Cnc,BYDra
03-03-2019,115.60375,-14.591806,Gaia DR2 3029591762195067904,Star
03-03-2019,122.81125,25.19306,[KBE97] 5,HI
03-03-2019,216.845142,20.09704,2MASX J14272281+2005493,Seyfert_2
04-03-2019,128.836062,-45.176432,NAME Vela Pulsar,Pulsar
05-03-2019,237.321667,21.828333,LEDA   56125,GinPair
05-03-2019,219.620833,33.335278,KISS G1437-3866,EmG
06-03-2019,198.230417,18.169167,Cl* NGC 5024    SAW V61,RRLyr
07-03-2019,218.475,42.653611,SDSS J143358.56+423910.3,QSO
07-03-2019,216.6375,43.854167,KISS F1424-1399,EmG
07-03-2019,188.933333,42.856667,0,0
07-03-2019,209.649171,37.43889,NOGG P1  754,GroupG
08-03-2019,205.546779,28.37545,Cl* NGC 5272    DSZ      20,BlueStraggler
08-03-2019,204.159779,20.54248,2MASS J13363835+2032327,AGN
08-03-2019,196.470083,-38.516667,HD 113679,PM*
08-03-2019,194.300865,28.492366,GMP 5025,Galaxy
09-03-2019,183.913333,36.326944,NGC  4228,StarburstG
09-03-2019,237.391917,70.348089,0,0
10-03-2019,187.046258,44.09363,[GHG2001]  1,GlCl
11-03-2019,154.403417,-46.412472,NGC  3201,GlCl
11-03-2019,154.403417,-46.412472,NGC  3201,GlCl
12-03-2019,135.528583,-40.554692,V* GP Vel,HMXB
13-03-2019,154.10215,37.91277,LEDA   29998,EmG
13-03-2019,250.445208,36.543611,NGC  6205   882,Star
14-03-2019,203.974167,-34.295494,ESO 383-35,Seyfert_1
15-03-2019,135.528583,-40.554692,V* GP Vel,HMXB
16-03-2019,154.10215,37.91277,LEDA   29998,EmG
16-03-2019,250.445208,36.543611,NGC  6205   882,Star
17-03-2019,212.633917,39.819878,0,0
18-03-2019,195.040167,27.21375,BD+28  2172,Star
19-03-2019,240.181667,31.17075,0,0
19-03-2019,212.280829,-45.28781,V* V834 Cen,CataclyV*
21-03-2019,288.799121,10.94602,Granat 1915+105,HMXB
24-03-2019,152.388083,23.382167,SDSS J100933.13+232255.7,LINER
24-03-2019,292.065042,19.555978,MR  93,WR*
26-03-2019,170.261979,53.16957,NGC  3631,IG
27-03-2019,265.990969,19.585838,QSO B1741+196,BLLac
30-03-2019,105.048125,-66.040028,2MASX J07001137-6602251,Galaxy
31-03-2019,255.203683,-41.655961,NAME OAO 1657-41,HMXB
01-04-2019,254.757,-15.257981,MAXI J1659-152,LMXB
02-04-2019,267.383083,-28.134944,2XMM J174931.6-280805,LMXB
03-04-2019,143.042121,21.50083,NGC  2905,HII_G
05-04-2019,160.990421,11.70381,M  95,GinPair
05-04-2019,262.082921,-14.26556,[YAZ2019] X1,Radio
10-04-2019,314.698071,41.776994,GRO J2058+42,HMXB
11-04-2019,262.082921,-14.26556,[YAZ2019] X1,Radio
18-04-2019,247.462667,39.766528,UGC 10420,LINER
18-04-2019,235.879167,44.0525,KISS F1541-1297,EmG
18-04-2019,252.320833,59.919167,IRAS F16485+6000,IR
19-04-2019,237.391917,70.348089,0,0
20-04-2019,194.498792,27.995972,LEDA   83707,GinCl
21-04-2019,249.432875,29.727694,0,0
21-04-2019,253.467571,39.760169,4C 39.49,BLLac
23-04-2019,105.048083,-66.040028,2MASX J07001137-6602251,Galaxy
23-04-2019,166.113808,38.20883,Mrk  421,BLLac
28-04-2019,246.608292,-72.268861,TYC 9282-2284-1,Star
28-04-2019,233.738558,23.50314,[SED98] APG 220NE,PartofG
28-04-2019,195.839542,-62.223944,IRAS 13002-6157,Candidate_Ae*
28-04-2019,154.10215,37.91277,LEDA   29998,EmG
29-04-2019,12.08,85.223917,Cl* NGC  188    DGV     702,Star
29-04-2019,246.608292,-72.268861,TYC 9282-2284-1,Star
29-04-2019,233.738558,23.50314,[SED98] APG 220NE,PartofG
29-04-2019,195.839542,-62.223944,IRAS 13002-6157,Candidate_Ae*
29-04-2019,192.7215,41.1202,M  94,Seyfert
30-04-2019,308.107417,40.95775,V* V1521 Cyg,HMXB
01-05-2019,180.472079,-18.87694,CXOU J120153.3-185235,HMXB
01-05-2019,309.78825,-30.755583,2MASX J20390918-3045201,Galaxy
01-05-2019,251.44875,-45.611111,4U 1642-45,LMXB
01-05-2019,179.3668,-19.62406,ESO 572-25,Galaxy
02-05-2019,340.611792,-50.066917,HE 2239-5019,Pec*
02-05-2019,270.384579,-20.52889,X Sgr X-3,LMXB
04-05-2019,262.991671,-33.83528,NAME Gri 1,GlCl
06-05-2019,264.742921,-44.45,V* V926 Sco,LMXB
07-05-2019,220.530833,35.439722,Mrk  478,Seyfert_1
08-05-2019,207.0535,-63.274611,MAXI J1348-630,Candidate_HMXB
09-05-2019,275.091167,7.185639,MAXI J1820+070,LMXB
09-05-2019,332.880729,18.092822,BD+17  4708,SB*
09-05-2019,341.835079,-65.05872,IC 5250,IG
10-05-2019,275.091417,7.1853,MAXI J1820+070,LMXB
10-05-2019,194.285917,28.362417,[YKK2016] 684,LSB_G
11-05-2019,185.0625,25.5,0,0
12-05-2019,189.136292,11.258,NGC  4567,GinPair
12-05-2019,287.442079,-63.85753,NGC  6744,GinGroup
15-05-2019,288.798125,10.945767,Granat 1915+105,HMXB
16-05-2019,141.513721,12.73434,Mrk  705,Seyfert_1
16-05-2019,310.307792,-38.19342,ESO 341-4,IG
16-05-2019,305.749021,-44.27153,LEDA   64576,Galaxy
17-05-2019,304.23875,-70.75833,[BHK2005] 275,GlCl
17-05-2019,186.453592,33.54693,[BKD2008] WR 469,PartofG
18-05-2019,185.0625,25.5,0,0
19-05-2019,287.442079,-63.85753,NGC  6744,GinGroup
19-05-2019,274.656667,-52.215778,NGC  6584,GlCl
19-05-2019,332.880708,18.092833,BD+17  4708,SB*
19-05-2019,270.384579,-20.52889,X Sgr X-3,LMXB
20-05-2019,341.835079,-65.05872,IC 5250,IG
20-05-2019,197.175,44.098333,KISS F1308-3035,EmG
20-05-2019,211.180108,54.89263,NGC  5473,GinGroup
20-05-2019,201.245833,-43.126111,[WRW2015] 1618,PN?
23-05-2019,12.08,85.223917,Cl* NGC  188    DGV     702,Star
23-05-2019,237.391917,70.348089,0,0
21-06-2019,237.391917,70.348089,0,0
23-06-2019,236.5125,-37.786417,NGC  5986,GlCl
26-06-2019,288.798121,10.945766,Granat 1915+105,HMXB
27-06-2019,329.716938,-30.225588,QSO B2155-304,BLLac
28-06-2019,220.530833,35.439722,Mrk  478,Seyfert_1
29-06-2019,251.44875,-45.611111,4U 1642-45,LMXB
29-06-2019,359.782958,-30.627969,QSO B2356-309,BLLac
03-07-2019,265.990969,19.585838,QSO B1741+196,BLLac
04-07-2019,255.203683,-41.655961,NAME OAO 1657-41,HMXB
06-07-2019,346.181158,-8.68573,Mrk  926,Seyfert_1
07-07-2019,135.528583,-40.554694,V* GP Vel,HMXB
08-07-2019,128.836062,-45.176432,NAME Vela Pulsar,Pulsar
10-07-2019,12.08,85.223917,Cl* NGC  188    DGV     702,Star
10-07-2019,186.22625,21.382278,4C 21.35,QSO
11-07-2019,346.181158,-8.68573,Mrk  926,Seyfert_1
12-07-2019,192.7215,41.1202,M  94,Seyfert
13-07-2019,194.300865,28.492366,GMP 5025,Galaxy
13-07-2019,194.498792,27.995972,LEDA   83707,GinCl
14-07-2019,195.040167,27.21375,BD+28  2172,Star
16-07-2019,211.180108,54.89263,NGC  5473,GinGroup
16-07-2019,199.728371,-21.03911,NGC  5068,Galaxy
17-07-2019,312.258667,30.404972,0,0
17-07-2019,250.445208,36.543611,NGC  6205   882,Star
18-07-2019,240.181667,31.17075,0,0
19-07-2019,251.44875,-45.611111,4U 1642-45,LMXB
19-07-2019,36.820329,33.57917,NAME NGC 925 Group,GroupG
21-07-2019,236.5125,-37.786417,NGC  5986,GlCl
22-07-2019,252.320833,59.919167,IRAS F16485+6000,IR
23-07-2019,244.289708,-51.882556,Gaia DR2 5934728536316842624,Candidate_YSO
23-07-2019,194.421042,20.39661,IC 3929,Seyfert_1
24-07-2019,258.385917,-37.023333,0,0
24-07-2019,287.442079,-63.85753,NGC  6744,GinGroup
25-07-2019,262.991671,-33.83528,NAME Gri 1,GlCl
27-07-2019,203.974167,-34.295494,ESO 383-35,Seyfert_1
29-07-2019,326.171475,38.321407,V* V1341 Cyg,LMXB
30-07-2019,247.462667,39.766528,UGC 10420,LINER
30-07-2019,304.23875,-70.75833,[BHK2005] 275,GlCl
31-07-2019,201.245833,-43.126111,[WRW2015] 1618,PN?
06-08-2019,237.391917,70.348089,0,0
06-08-2019,251.44875,-45.611111,4U 1642-45,LMXB
07-08-2019,338.139167,11.720278,2MASS J22323284+1142441,Star
08-08-2019,256.563808,-43.035747,X Ara X-1,LMXB
10-08-2019,237.391917,70.348089,0,0
12-08-2019,246.608292,-72.268861,TYC 9282-2284-1,Star
12-08-2019,195.839542,-62.223944,IRAS 13002-6157,Candidate_Ae*
12-08-2019,216.000333,31.568361,0,0
14-08-2019,272.11475,-36.978972,V* V4580 Sgr,LMXB
15-08-2019,288.717,17.367,[NHO98] 19127+1717,Maser
15-08-2019,250.445208,36.543611,NGC  6205   882,Star
17-08-2019,274.656667,-52.215778,NGC  6584,GlCl
17-08-2019,270.290542,-25.078925,4U 1758-25,LMXB
17-08-2019,85.127083,69.378444,0,0
17-08-2019,305.749021,-44.27153,LEDA   64576,Galaxy
18-08-2019,216.6375,43.854167,KISS F1424-1399,EmG
18-08-2019,249.432875,29.727694,0,0
19-08-2019,356.757079,29.47111,APG  86,PairG
20-08-2019,78.528167,-40.046556,NGC  1851,GlCl
20-08-2019,310.307792,-38.19342,ESO 341-4,IG
21-08-2019,220.108829,33.98911,NGC  5727,EmG
21-08-2019,218.475,42.653611,SDSS J143358.56+423910.3,QSO
22-08-2019,265.990969,19.585838,QSO B1741+196,BLLac
24-08-2019,233.738558,23.50314,[SED98] APG 220NE,PartofG
25-08-2019,270.290542,-25.078925,4U 1758-25,LMXB
26-08-2019,272.11475,-36.978972,V* V4580 Sgr,LMXB
27-08-2019,237.391917,70.348089,0,0
28-08-2019,270.290542,-25.078925,4U 1758-25,LMXB
28-08-2019,251.44875,-45.611111,4U 1642-45,LMXB
28-08-2019,264.742921,-44.45,V* V926 Sco,LMXB
29-08-2019,262.990542,-33.834028,NAME Slow Burster,LMXB
31-08-2019,284.888125,-36.631417,NGC  6723,GlCl
01-09-2019,274.005787,-14.036283,V* NP Ser,LMXB
01-09-2019,295.669067,-10.32375,NGC  6814,Seyfert_1
05-09-2019,277.680367,-24.019153,V* V3890 Sgr,LPV*
06-09-2019,295.669067,-10.32375,NGC  6814,Seyfert_1
08-09-2019,359.253083,-34.680539,ESO 349-9,GinCl
09-09-2019,100.564721,75.62573,Mrk    5,HII_G
09-09-2019,8.406667,28.739167,AGC 102983,Galaxy
10-09-2019,251.44875,-45.611111,4U 1642-45,LMXB
10-09-2019,256.435375,-36.423069,V* V1101 Sco,LMXB
11-09-2019,237.391917,70.348089,0,0
12-09-2019,58.841625,9.788333,HZ  4,WD*
12-09-2019,277.680367,-24.019153,V* V3890 Sgr,LPV*
17-09-2019,325.092167,-23.179861,M  30,GlCl
17-09-2019,251.44875,-45.611111,4U 1642-45,LMXB
18-09-2019,340.537375,29.6153,0,0
18-09-2019,284.146292,-37.908472,RX J1856.6-3754,Neutron*
20-09-2019,100.72975,55.474233,V* SU Lyn,LPV*
22-09-2019,340.790583,29.7253,0,0
22-09-2019,340.53725,29.7253,0,0
22-09-2019,340.790708,29.8353,0,0
22-09-2019,340.537083,29.8353,TYC 2232-311-1,Star
22-09-2019,340.663917,29.615361,[TKK2018] 7277,PairG
22-09-2019,340.663917,29.835361,0,0
22-09-2019,340.790417,29.6153,0,0
22-09-2019,255.705667,-48.789667,V* V821 Ara,HMXB
23-09-2019,251.44875,-45.611111,4U 1642-45,LMXB
23-09-2019,256.435375,-36.423069,V* V1101 Sco,LMXB
24-09-2019,270.290542,-25.078925,4U 1758-25,LMXB
24-09-2019,86.757871,-34.25061,NGC  2090,GinGroup
24-09-2019,26.012292,61.888972,EM* GGA   83,Be*
25-09-2019,118.8554,39.18615,Mrk  382,Seyfert_1
28-09-2019,326.171475,38.321407,V* V1341 Cyg,LMXB
01-10-2019,264.974792,-28.496333,[KRL2007b] 258,LMXB
02-10-2019,7.26275,59.571944,V* V1037 Cas,LMXB
02-10-2019,31.792958,-74.1175,[DI91]  341,Star
03-10-2019,30.309042,-74.164333,2MASS J02012483-7409488,Candidate_RGB*
03-10-2019,33.286375,-74.170172,SSTISAGEMA J021301.40-741040.6,Star
04-10-2019,25.582042,51.575472,M  76,PN
04-10-2019,62.223958,-55.98956,IC 2038,GinPair
05-10-2019,347.447,-43.4279,NGC  7496,AGN
05-10-2019,120.004167,-10.77,NGC  2506,OpCl
10-10-2019,272.11475,-36.978972,V* V4580 Sgr,LMXB
13-10-2019,296.254167,-14.815278,[SRC2012] 296.254303-14.816854,Candidate_AGB*
15-10-2019,302.355792,-48.831583,QSO B2005-489,BLLac
16-10-2019,62.466,-56.11844,NGC  1533,GinGroup
16-10-2019,62.749421,-56.48044,NGC  1536,IG
16-10-2019,63.65225,-56.060806,NGC  1546,GinGroup
17-10-2019,93.90125,71.0375,[KGP93] Mrk 3 5,Radio
19-10-2019,11.363333,41.883025,[JSD2012] PC  295,Cl*
20-10-2019,9.260667,39.972361,[MMD2006] 2526,PN?
21-10-2019,352.967412,19.937264,BD+19  5116,**
23-10-2019,67,-47.91275,NAME Carafe Nebula,LINER
24-10-2019,323.284612,39.635978,PN Hu  1-2,PN
25-10-2019,117.086125,47.203953,[GBM2015] SDSS 1737-53055-369 SN,SN
25-10-2019,337.759125,-20.797992,0,0
26-10-2019,353.6145,-36.1011,IC 5332,GinGroup
26-10-2019,19.255417,-71.733639,SSTISAGEMA J011702.13-714408.3,Candidate_RGB*
26-10-2019,18.79625,-71.3655,SSTISAGEMA J011506.00-712205.7,Candidate_RGB*
26-10-2019,81.707967,-66.095275,MACHO  62.7605.393,PM*
27-10-2019,49.566667,-66.498333,NGC  1313,Galaxy
29-10-2019,292.482931,18.310618,IGR J19294+1816,HMXB
29-10-2019,11.037,41.557347,[AMB2011] HII 2651,HII
30-10-2019,10.710708,41.250228,M31N 2013-12a,X
01-11-2019,351.350779,-38.446997,2MASX J23252420-3826492,Seyfert_1
03-11-2019,11.719583,42.203444,[JSD2015] AP  4076,Galaxy
04-11-2019,112.26125,13.246778,PN A66   21,PN
04-11-2019,147.593333,31.487778,UGC  5272,Galaxy
06-11-2019,124.87075,70.70536,[SST2011] J081929.00+704219.3,ULX
07-11-2019,312.122167,29.723278,Gaia DR2 1858290202747590528,Candidate_WD*
08-11-2019,99.098292,-42.867806,EQ J063623.2-425204.2,Unknown
09-11-2019,312.122167,29.723278,Gaia DR2 1858290202747590528,Candidate_WD*
09-11-2019,313.131833,29.681722,NAME Teutsch GN J2052.5+2940,PN?
10-11-2019,312.58325,29.697583,Gaia DR2 1858602880656651008,Star
12-11-2019,331.968305,31.359346,NGC  7217,LINER
13-11-2019,19.255417,-71.733639,SSTISAGEMA J011702.13-714408.3,Candidate_RGB*
13-11-2019,18.79625,-71.3655,SSTISAGEMA J011506.00-712205.7,Candidate_RGB*
13-11-2019,49.566667,-66.498333,NGC  1313,Galaxy
15-11-2019,99.098292,-42.867806,EQ J063623.2-425204.2,Unknown
19-11-2019,11.37,41.902806,RX J0045.4+4154,Nova
20-11-2019,99.098292,-42.867806,EQ J063623.2-425204.2,Unknown
20-11-2019,98.947958,-42.977708,0,0
20-11-2019,99.248375,-42.867708,0,0
20-11-2019,11.719583,42.203444,[JSD2015] AP  4076,Galaxy
20-11-2019,98.948208,-42.867708,0,0
21-11-2019,99.248125,-42.757708,0,0
21-11-2019,98.948458,-42.757708,0,0
21-11-2019,99.098292,-42.867806,EQ J063623.2-425204.2,Unknown
21-11-2019,237.391917,70.348089,0,0
23-11-2019,99.098292,-42.977806,0,0
23-11-2019,99.098292,-42.757806,0,0
23-11-2019,99.248625,-42.977708,0,0
23-11-2019,147.593333,31.487778,UGC  5272,Galaxy
24-11-2019,183.479583,22.8,0,0
26-11-2019,186.356325,16.470006,NGC  4383,AGN
28-11-2019,331.968305,31.359346,NGC  7217,LINER
29-11-2019,174.12125,21.59639,Mrk  739E,Seyfert_1
30-11-2019,124.87075,70.70536,[SST2011] J081929.00+704219.3,ULX
01-12-2019,12.08,85.223917,Cl* NGC  188    DGV     702,Star
01-12-2019,203.654167,37.912222,[LDP2005] 112,X
02-12-2019,16.005,-72.0312,SNR B0102-72.3,SNR
02-12-2019,311.799708,22.026,0,0
03-12-2019,331.968305,31.359346,NGC  7217,LINER
04-12-2019,182.32375,29.9275,SN 1941C,SN
05-12-2019,161.264733,-59.684459,* eta Car,Em*
13-12-2019,12.08,85.223917,Cl* NGC  188    DGV     702,Star
13-12-2019,16.005,-72.0312,SNR B0102-72.3,SNR
14-12-2019,32.393904,-74.453283,RX J0209.6-7427,HMXB
16-12-2019,124.87075,70.70536,[SST2011] J081929.00+704219.3,ULX
17-12-2019,237.391917,70.348089,0,0
18-12-2019,16.005,-72.0312,SNR B0102-72.3,SNR
19-12-2019,12.08,85.223917,Cl* NGC  188    DGV     702,Star
19-12-2019,124.87075,70.70536,[SST2011] J081929.00+704219.3,ULX
21-12-2019,331.968305,31.359346,NGC  7217,LINER
22-12-2019,189.2125,62.294075,MODS wide  7880,Galaxy
24-12-2019,18.79625,-71.3655,SSTISAGEMA J011506.00-712205.7,Candidate_RGB*
24-12-2019,19.255417,-71.733639,SSTISAGEMA J011702.13-714408.3,Candidate_RGB*
24-12-2019,32.692502,-51.017192,QSO B0208-512,BLLac
25-12-2019,189.2125,62.294075,MODS wide  7880,Galaxy
27-12-2019,29.420833,37.785,NGC   752,OpCl
28-12-2019,197.079667,43.757111,SDSS J130819.12+434525.5,Seyfert_2
28-12-2019,19.255417,-71.733639,SSTISAGEMA J011702.13-714408.3,Candidate_RGB*
29-12-2019,12.08,85.223917,Cl* NGC  188    DGV     702,Star
29-12-2019,4.958022,21.947824,V* QR And,EB*
02-01-2020,124.87075,70.70536,[SST2011] J081929.00+704219.3,ULX
02-01-2020,331.968305,31.359346,NGC  7217,LINER
05-01-2020,216.239708,24.25495,2MASS J14245751+2415177,AGN
06-01-2020,182.348458,62.165544,ZW  VII 441,LINER
06-01-2020,84.911788,-69.743204,X LMC X-1,HMXB
07-01-2020,162.115083,71.726639,6C 104451+715930,QSO
08-01-2020,203.654167,37.912222,[LDP2005] 112,X
08-01-2020,215.626583,32.3862,QSO B1420+326,QSO
09-01-2020,189.2125,62.294075,MODS wide  7880,Galaxy
10-01-2020,174.12125,21.59639,Mrk  739E,Seyfert_1
11-01-2020,185.728883,15.822304,M 100,AGN
11-01-2020,215.626583,32.3862,QSO B1420+326,QSO
12-01-2020,84.734579,-64.084168,X LMC X-3,HMXB
13-01-2020,203.654167,37.912222,[LDP2005] 112,X
14-01-2020,189.2125,62.294075,MODS wide  7880,Galaxy
15-01-2020,69.956833,-68.150389,1ES 0439-68.2,CataclyV*
15-01-2020,4.958022,21.947824,V* QR And,EB*
17-01-2020,163.183333,57.483056,[MBH2002] 89,X
18-01-2020,237.391917,70.348089,0,0
21-01-2020,203.654167,37.912222,[LDP2005] 112,X
21-01-2020,245.731375,15.76971,0,0
22-01-2020,162.418733,9.006449,0,0
23-01-2020,203.654167,37.912222,[LDP2005] 112,X
23-01-2020,217.629958,52.707178,2MASX J14303120+5242258,Seyfert_2
23-01-2020,251.97875,44.562514,2MASX J16475488+4433454,EmG
25-01-2020,9.016667,23.957778,NGC   160,Galaxy
27-01-2020,201.768167,48.326756,LEDA 2315068,LINER
27-01-2020,166.767375,45.822117,UGC  6165,EmG
27-01-2020,165.638958,22.753811,2MASX J11023336+2245133,LINER
28-01-2020,192.095417,8.4875,NGC  4698,Seyfert_2
28-01-2020,213.29125,-65.339167,[SW2001b] D,X
30-01-2020,203.654167,37.912222,[LDP2005] 112,X
30-01-2020,203.669875,-23.445889,6dFGS gJ133440.8-232645,Galaxy
31-01-2020,213.29125,-65.339167,[SW2001b] D,X
01-02-2020,182.32375,29.9275,SN 1941C,SN
02-02-2020,187.184167,43.224167,UGC  7608,EmG
03-02-2020,217.266667,52.87,0,0
07-02-2020,190.927625,16.393389,NGC  4651,LINER
07-02-2020,124.87075,70.70536,[SST2011] J081929.00+704219.3,ULX
08-02-2020,130.170042,-35.273667,GRB 200205A,Pulsar
11-02-2020,197.079667,43.757111,SDSS J130819.12+434525.5,Seyfert_2
12-02-2020,184.6105,29.812917,NGC  4253,Seyfert_1
12-02-2020,69.956833,-68.150389,1ES 0439-68.2,CataclyV*
13-02-2020,199.112875,17.70025,NGC  5053,GlCl
13-02-2020,237.391917,70.348089,0,0
15-02-2020,12.08,85.223917,Cl* NGC  188    DGV     702,Star
15-02-2020,124.87075,70.70536,[SST2011] J081929.00+704219.3,ULX
16-02-2020,49.921,-19.4112,NGC  1300,GinPair
16-02-2020,54.368,-24.5013,NGC  1385,EmG
17-02-2020,194.182083,21.6827,M  64,Seyfert
17-02-2020,76.310208,-37.9808,NGC  1792,EmG
17-02-2020,64.399,-62.7837,NGC  1559,GinGroup
17-02-2020,189.2125,62.294075,MODS wide  7880,Galaxy
18-02-2020,214.773292,-14.0129,0,0
19-02-2020,204.404708,20.397694,2MASX J13373713+2023517,Galaxy
19-02-2020,203.654167,37.912222,[LDP2005] 112,X
19-02-2020,264.974792,-28.496333,[KRL2007b] 258,LMXB
20-02-2020,254.457542,35.342333,V* HZ Her,LMXB
24-02-2020,52.880792,-51.9049,IC 1954,GinGroup
25-02-2020,73.920833,-71.413333,[GKK2003] A061,Assoc*
25-02-2020,204.404708,20.397694,2MASX J13373713+2023517,Galaxy
25-02-2020,49.566667,-66.498333,NGC  1313,Galaxy
26-02-2020,203.654167,37.912222,[LDP2005] 112,X
26-02-2020,77.188208,-71.186444,[RP2006] 1151,Em*
27-02-2020,262.3,-36.686667,1FGL J1729.1-3641c,gamma
04-03-2020,77.281333,-71.503917,EROS2-star lm056-4l-18899,LPV*
04-03-2020,76.061792,-71.756639,[GKK2003] A027,Assoc*
04-03-2020,78.333875,-72.078,0,0
04-03-2020,77.119083,-71.897972,2MASS J05082876-7153401,Star
04-03-2020,147.593333,31.487778,UGC  5272,Galaxy
05-03-2020,203.654167,37.912222,[LDP2005] 112,X
05-03-2020,236.72,-78.214194,TYC 9433-1133-1,Star
11-03-2020,272.5,-22.2,MAXI J1810-222,X
13-03-2020,204.383583,8.8851,NGC  5248,GinGroup
13-03-2020,237.391917,70.348089,0,0
14-03-2020,203.654167,37.912222,[LDP2005] 112,X
14-03-2020,112.26125,13.246778,PN A66   21,PN
14-03-2020,132.825,11.8,NGC  2682,OpCl
16-03-2020,14.553333,-70.763278,SSTISAGEMA J005821.54-704534.2,PM*
16-03-2020,14.948333,-71.120556,SSTISAGEMA J005947.18-710639.2,Candidate_RGB*
16-03-2020,17.870417,-70.667889,SSTISAGEMA J011131.10-704013.9,Star
17-03-2020,239.790083,35.029878,Mrk  493,Seyfert_1
19-03-2020,141.303542,52.286222,Mrk  110,Seyfert_1
20-03-2020,66.908792,-55.027806,NGC  1596,GinPair
21-03-2020,167.167167,34.097842,SDSS J110840.11+340552.2,Galaxy
21-03-2020,296.254167,-14.815278,[SRC2012] 296.254303-14.816854,Candidate_AGB*
24-03-2020,214.773292,-14.0129,0,0
25-03-2020,18.79625,-71.3655,SSTISAGEMA J011506.00-712205.7,Candidate_RGB*
26-03-2020,137.583792,7.0379,NGC  2775,Galaxy
26-03-2020,253.467571,39.760169,4C 39.49,BLLac
31-03-2020,84.911788,-69.743204,X LMC X-1,HMXB
02-04-2020,77.188208,-71.186444,[RP2006] 1151,Em*
02-04-2020,77.281333,-71.503917,EROS2-star lm056-4l-18899,LPV*
03-04-2020,76.061792,-71.756639,[GKK2003] A027,Assoc*
03-04-2020,124.87075,70.70536,[SST2011] J081929.00+704219.3,ULX
04-04-2020,190.709442,-63.058624,HD 110432,Be*
12-04-2020,13.639292,-73.683694,X SMC X-2,HMXB
15-04-2020,248.554583,-47.090306,0,0
15-04-2020,200.324221,42.587606,2MASX J13211781+4235153,Seyfert_2
18-04-2020,237.391917,70.348089,0,0
19-04-2020,80.116833,-71.964806,X LMC X-2,LMXB
23-04-2020,179.8825,29.245556,Ton  599,QSO
25-04-2020,312.58325,29.697583,Gaia DR2 1858602880656651008,Star
26-04-2020,190.99,16.381667,3C 275.1,QSO
28-04-2020,254.457542,35.342333,V* HZ Her,LMXB
30-04-2020,186.939974,13.008826,2MASS J12274565+1300314,X
01-05-2020,188.332383,12.853547,IC 3492,GinCl
01-05-2020,186.860433,11.107662,NGC  4429,GinGroup
02-05-2020,184.706771,14.416489,M  99,HII_G
02-05-2020,189.207567,13.162869,M  90,Seyfert_2
03-05-2020,190.895833,13.12635,0,0
03-05-2020,353.6145,-36.1011,IC 5332,GinGroup
07-05-2020,13.639292,-73.683694,X SMC X-2,HMXB
08-05-2020,166.697917,72.568611,[MWP92] A,Radio
11-05-2020,187.737967,11.483531,NGC  4491,GinGroup
11-05-2020,190.355879,13.729414,NGC  4611,Galaxy
12-05-2020,12.08,85.223917,Cl* NGC  188    DGV     702,Star
12-05-2020,341.515417,-11.001111,NGC  7371,Galaxy
13-05-2020,190.986,13.1264,NGC  4654,GinPair
13-05-2020,347.447,-43.4279,NGC  7496,AGN
14-05-2020,189.207583,13.1629,M  90,Seyfert_2
14-05-2020,307.888333,-7.088333,PN A66   70,PN
15-05-2020,133.703625,20.108511,QSO J0854+2006,BLLac
20-05-2020,237.391917,70.348089,0,0
21-05-2020,188.173933,14.051614,IC 3476,GinGroup
21-05-2020,325.73325,-30.132753,6dFGS gJ214256.0-300758,Galaxy
22-05-2020,313.131833,29.681722,NAME Teutsch GN J2052.5+2940,PN?
23-05-2020,311.704458,31.477833,0,0
23-05-2020,312.122167,29.723278,Gaia DR2 1858290202747590528,Candidate_WD*
24-05-2020,201.392,-54.245314,V* DY Cen,Erupt*RCrB
27-05-2020,345.815308,8.873689,[RLA2011] A,IR
30-05-2020,150.751458,68.824064,0,0
30-05-2020,149.975792,68.638019,TYC 4383-805-1,Star
31-05-2020,203.654167,37.912222,[LDP2005] 112,X
31-05-2020,211.108021,-17.227931,IC  972,PN
01-06-2020,219.750875,64.291661,V* EK Dra,BYDra
03-06-2020,305.0365,16.731664,IC 4997,PN
03-06-2020,214.766667,52.87,EGSIRAC J141903.11+525203.2,Galaxy
06-06-2020,204.896083,-67.381044,PN MyCn   18,PN
06-06-2020,305.378054,40.446122,[WRR2011] 20,X
07-06-2020,348.702083,-43.599944,NGC  7531,GinGroup
09-06-2020,139.006208,-36.627056,NGC  2818,PN
11-06-2020,129.3125,-29.955,NGC  2627,OpCl
14-06-2020,237.391917,70.348089,0,0
16-06-2020,190.99,16.381667,3C 275.1,QSO
18-06-2020,226.005004,10.43782,Mrk  841,Seyfert_1
19-06-2020,160.990417,11.703806,M  95,GinPair
22-06-2020,203.669875,-23.445889,6dFGS gJ133440.8-232645,Galaxy
23-06-2020,200.324221,42.587606,2MASX J13211781+4235153,Seyfert_2
24-06-2020,341.515417,-11.001111,NGC  7371,Galaxy
24-06-2020,241.8875,54.641944,0,0
26-06-2020,178.253667,-42.234389,TYC 7750-811-1,Star
26-06-2020,158.742542,-29.094472,0,0
27-06-2020,209.223417,10.525225,0,0
27-06-2020,217.625,13.653333,NAME Teacup AGN,Seyfert_2
27-06-2020,204.25375,-29.865417,[GRL91] 1,PartofG
28-06-2020,214.843417,-26.644722,ESO 511-30,Seyfert_1
29-06-2020,14.972,31.826909,Mrk  352,Seyfert_1
02-07-2020,315.757692,-14.260025,MCG-02-53-023,Galaxy
03-07-2020,189.207583,13.1629,M  90,Seyfert_2
03-07-2020,351.2,-40.66,0,0
05-07-2020,203.975,-34.295556,ESO 383-35,Seyfert_1
14-07-2020,243.179167,-52.423056,V* QX Nor,LMXB
15-07-2020,203.975,-34.295556,ESO 383-35,Seyfert_1
21-07-2020,12.196421,31.956968,NGC   262,Seyfert_2
22-07-2020,33.679208,59.485,Cl Stock    2,OpCl
23-07-2020,210.190917,59.3287,NGC  5430,EmG
24-07-2020,248.699583,-47.3,0,0
25-07-2020,259.358333,51.216111,0,0
25-07-2020,257.636042,-36.017147,Gaia DR2 5976957990418246784,Candidate_RRLyr
25-07-2020,262.934042,-16.961361,V* V2216 Oph,LMXB
31-07-2020,37.15875,-73.874139,0,0
31-07-2020,33.2625,-74.081028,[DI91]  776,Star
01-08-2020,29.504167,-74.237472,SSTISAGEMA J015757.08-741339.4,PM*
01-08-2020,27.872083,-74.240472,SSTISAGEMA J015127.30-741357.6,Star
01-08-2020,214.773292,-14.0129,0,0
02-08-2020,237.391917,70.348089,0,0
04-08-2020,52.8,43.904278,V* GK Per,Nova
07-08-2020,257.226958,-44.102042,4U 1705-44,LMXB
08-08-2020,45.414917,-8.112556,[VV2003c] J030139.6-080645,Seyfert_1
09-08-2020,66.503017,-57.20027,LB  1727,Seyfert_1
12-08-2020,10.4706,-73.382918,2MASS J00415532-7323023,Candidate_RGB*
12-08-2020,10.841592,-73.030698,2MASS J00432266-7301445,Candidate_RGB*
12-08-2020,11.4887,-72.731306,2MASS J00460099-7243534,Candidate_RGB*
12-08-2020,238.818375,35.723514,SDSS J155516.41+354324.7,BClG
12-08-2020,244.177667,20.955586,SDSS J161642.63+205720.1,Galaxy
12-08-2020,48.067542,-55.216222,NGC  1261,GlCl
14-08-2020,274.005787,-14.036283,V* NP Ser,LMXB
15-08-2020,217.1505,46.12,SDSS J142838.24+460721.9,Galaxy
16-08-2020,216.6,46.8,SDSS J142621.58+464823.7,QSO
16-08-2020,215.85,46.1,LAMOST J142324.13+460602.0,QSO
18-08-2020,277.382421,48.746155,ICRF J182931.7+484446,Seyfert_1
19-08-2020,273.349021,-12.766953,PSR J1813-1246,Pulsar
21-08-2020,57.346583,-11.990833,QSO B0347-121,BLLac
21-08-2020,12.114308,-72.429906,2MASS J00483109-7225476,Candidate_RGB*
21-08-2020,12.719367,-72.126596,SSTISAGEMA J005051.26-720748.3,Candidate_RGB*
21-08-2020,83.633083,22.0145,M   1,SNR
22-08-2020,83.633083,22.0145,M   1,SNR
23-08-2020,237.391917,70.348089,0,0
24-08-2020,80.116833,-71.964806,X LMC X-2,LMXB
26-08-2020,68.847,55.376,NAME ATLAS 19bcxp,Transient
26-08-2020,12.07785,-73.04092,2MASS J00482134-7302268,Candidate_RGB*
27-08-2020,80.116833,-71.964806,X LMC X-2,LMXB
29-08-2020,83.633083,22.0145,M   1,SNR
06-09-2020,51.17125,34.179444,QSO J0324+3410,BLLac
08-09-2020,274.005787,-14.036283,V* NP Ser,LMXB
09-09-2020,83.633083,22.0145,M   1,SNR
09-09-2020,10.757621,-73.641332,SSTISAGEMA J004301.43-733841.3,Candidate_RGB*
09-09-2020,13.3048,-71.821469,OGLE SMC-RRLYR-1230,RRLyr
09-09-2020,11.429308,-73.342168,ABW-A 156,C*
10-09-2020,26.9285,-52.7619,NGC   685,Galaxy
10-09-2020,85.889583,-68.373056,2E  1550,XB
13-09-2020,83.633083,22.0145,M   1,SNR
14-09-2020,284.146292,-37.908472,RX J1856.6-3754,Neutron*
15-09-2020,83.633083,22.0145,M   1,SNR
16-09-2020,284.146292,-37.908472,RX J1856.6-3754,Neutron*
17-09-2020,329.4195,-80.358,FRB 190711,radioBurst
17-09-2020,12.07785,-73.04092,2MASS J00482134-7302268,Candidate_RGB*
17-09-2020,12.704317,-72.737694,2MASS J00505037-7244121,Candidate_RGB*
17-09-2020,13.309729,-72.43259,SSTISAGEMA J005315.28-722600.7,Candidate_RGB*
17-09-2020,15.070171,-72.117741,OGLE SMC108.3  15735,EB*
17-09-2020,12.688158,-73.348788,SSTISAGEMA J005043.91-732051.3,Candidate_RGB*
18-09-2020,329.4195,-80.358,FRB 190711,radioBurst
18-09-2020,257.226958,-44.102042,4U 1705-44,LMXB
19-09-2020,13.315017,-73.0437,2MASS J00531617-7302289,Candidate_RGB*
19-09-2020,13.920304,-72.736767,2MASS J00553808-7244031,Candidate_RGB*
19-09-2020,329.4195,-80.358,FRB 190711,radioBurst
19-09-2020,251.44875,-45.611111,4U 1642-45,LMXB
22-09-2020,237.391917,70.348089,0,0
23-09-2020,83.633083,22.0145,M   1,SNR
26-09-2020,12.08,85.223917,Cl* NGC  188    DGV     702,Star
26-09-2020,83.633083,22.0145,M   1,SNR
30-09-2020,12.08,85.223917,Cl* NGC  188    DGV     702,Star
30-09-2020,51.17125,34.179444,QSO J0324+3410,BLLac
01-10-2020,288.798125,10.945767,Granat 1915+105,HMXB
02-10-2020,308.063642,37.637456,V* V2246 Cyg,HMXB
05-10-2020,12.08,85.223917,Cl* NGC  188    DGV     702,Star
05-10-2020,264.495,-37.772,XTE J1737-376,Candidate_HMXB
07-10-2020,295.66935,-10.323492,NGC  6814,Seyfert_1
15-10-2020,12.08,85.223917,Cl* NGC  188    DGV     702,Star
16-10-2020,277.673792,-6.754861,GRB 201010A,X
31-10-2020,15.009021,-71.506913,SSTISAGEMA J010002.16-713024.5,Candidate_RGB*
31-10-2020,12.038654,-73.651933,TYC 9141-7575-1,Star
31-10-2020,14.505033,-72.428086,2MASS J00580230-7225519,Candidate_RGB*
31-10-2020,15.616629,-71.805817,OGLE SMC114.8    537,PM*
31-10-2020,13.320704,-73.654816,2MASS J00531826-7339228,Candidate_RGB*
31-10-2020,14.552054,-73.039034,2MASS J00581120-7302240,Candidate_RGB*
31-10-2020,15.135671,-72.728528,OGLE SMC-SC9  13451,deltaCep
31-10-2020,15.699283,-72.416398,SMC ASS 50,Assoc*
31-10-2020,16.243854,-72.102726,NAME XTE POSITION B,HMXB
31-10-2020,16.770275,-71.787588,SSTISAGEMA J010701.43-714712.5,Star
01-11-2020,237.391917,70.348089,0,0
02-11-2020,14.602604,-73.649978,SSTISAGEMA J005823.69-733859.9,Candidate_RGB*
02-11-2020,15.205996,-73.339289,2MASS J01005000-7320175,Candidate_RGB*
02-11-2020,15.787917,-73.026929,2dFS  1742,Star
02-11-2020,14.461187,-71.817115,2MASS J00575010-7149073,Candidate_RGB*
02-11-2020,13.89505,-72.125701,OGLE SMC-LPV-11736,LPV*
02-11-2020,13.947421,-73.347828,2MASS J00554858-7320579,Candidate_RGB*
02-11-2020,16.349438,-72.712987,SSTISAGEMA J010521.23-724242.9,Candidate_RGB*
03-11-2020,11.37,41.902806,RX J0045.4+4154,Nova
03-11-2020,237.391917,70.348089,0,0
04-11-2020,340.726697,29.712317,2MASX J22425351+2943125,Galaxy
10-11-2020,15.883196,-73.637423,2MASS J01033355-7338116,Candidate_RGB*
10-11-2020,16.462783,-73.323182,SSTISAGEMA J010544.85-731902.3,Candidate_RGB*
10-11-2020,16.371613,-72.983569,2MASS J01052928-7259080,Candidate_AGB*
10-11-2020,17.543858,-72.622015,SSTISAGEMA J011010.65-723713.7,Candidate_RGB*
10-11-2020,17.7167,-73.299528,2MASS J01104696-7317541,Candidate_RGB*
10-11-2020,11.37,41.902806,RX J0045.4+4154,Nova
12-11-2020,84.727393,26.315789,HD 245770,HMXB
14-11-2020,18.966675,-73.268358,XMMU J011555.6-731605,AGN_Candidate
14-11-2020,19.70565,-73.553693,XMMU J011847.9-733321,X
14-11-2020,20.211654,-73.229714,LIN 531,Em*
14-11-2020,20.969629,-73.510553,SSTISAGEMA J012348.07-733013.0,Candidate_RGB*
14-11-2020,11.037,41.557347,[AMB2011] HII 2651,HII
15-11-2020,21.450617,-73.183644,SSTISAGEMA J012548.33-731036.0,Candidate_RGB*
15-11-2020,22.226725,-73.459887,SSTISAGEMA J012901.25-732705.4,Star
15-11-2020,17.415212,-72.080672,SSTISAGEMA J010932.85-720432.5,Candidate_RGB*
16-11-2020,16.891554,-72.397542,OGLE SMC-SC11  55592,Star
16-11-2020,334.9625,-48.711111,0,0
16-11-2020,18.080917,-72.371539,SSTISAGEMA J011223.57-722207.8,Star
16-11-2020,21.742062,-32.543177,V* R Scl,C*
16-11-2020,174.811967,17.143669,UGC  6614,LINER
18-11-2020,40.099863,-8.433544,NGC  1042,GinPair
19-11-2020,334.12125,-21.430694,IC 1438,EmG
20-11-2020,10.710708,41.250228,M31N 2013-12a,X
21-11-2020,11.037,41.557347,[AMB2011] HII 2651,HII
23-11-2020,334.9625,-48.711111,0,0
23-11-2020,23.575833,-29.4185,NGC   613,AGN
24-11-2020,356.965417,-30.522,NGC  7755,EmG
26-11-2020,66.502958,-57.200492,LB  1727,Seyfert_1
27-11-2020,174.811967,17.143669,UGC  6614,LINER
28-11-2020,71.427083,-59.247181,[JBC2011] 15,X
29-11-2020,160.990417,11.703806,M  95,GinPair
29-11-2020,46.01,-12.07,[XRP2018] 2,Possible_ClG
02-12-2020,41.579375,-30.274889,NGC  1097,LINER
03-12-2020,25.76,13.645056,NGC   660,Seyfert_2
03-12-2020,37.083792,-31.881028,ESO 415-26,Galaxy
03-12-2020,41.579583,-30.274889,NGC  1097,LINER
04-12-2020,159.862042,47.947111,UGC  5791,GinPair
05-12-2020,110.755833,36.35475,SDSS J072301.42+362117.1,Galaxy
06-12-2020,96.3175,73.577472,V* MU Cam,XB
07-12-2020,175.909583,71.688806,V* DO Dra,DwarfNova
08-12-2020,135.100417,25.614806,UGC  4722,Galaxy
09-12-2020,334.9625,-48.711111,0,0
09-12-2020,351.473333,42.535,NGC  7662,PN
10-12-2020,177.900192,16.664286,2MASX J11513608+1639509,Galaxy
12-12-2020,129.544583,48.634444,0,0
14-12-2020,269.639183,66.632986,NGC  6543,PN
15-12-2020,222.810042,35.542269,UGC  9562,GinPair
16-12-2020,237.391917,70.348089,0,0
18-12-2020,133.703646,20.108511,QSO J0854+2006,BLLac
20-12-2020,170.889833,67.186083,2MASS J11233360+6711102,AGN
23-12-2020,41.579375,-30.274889,NGC  1097,LINER
25-12-2020,13.395554,12.693313,Mrk 1502,Seyfert_1
27-12-2020,197.524333,34.181111,SDSSCGB 6435.1,Galaxy
28-12-2020,17.033625,-15.511869,LEDA  910245,EmG
30-12-2020,243.488246,65.719432,Mrk  876,Seyfert_1
02-01-2021,124.595833,-11.19415,UCAC2  27827162,Star
03-01-2021,161.325,35.320278,SDSS J104518.03+351913.1,Galaxy
04-01-2021,168.950208,29.18825,SDSS J111551.41+291155.7,QSO
04-01-2021,166.805,65.101944,MCG+11-14-003b,LINER
05-01-2021,10.520912,-9.534464,MCG-02-02-091,GinCl
07-01-2021,37.206292,-9.031611,SDSS J022849.51-090153.8,Seyfert_1
08-01-2021,155.885833,10.959722,NGC  3217,RadioG
09-01-2021,166.880125,13.786889,SDSS J110731.23+134712.9,AGN_Candidate
10-01-2021,211.228042,12.704689,[BKD2008] WR 336,PartofG
13-01-2021,211.223833,12.721694,UGC  9002,GinPair
14-01-2021,81.34375,24.2255,RX J0525.3+2413,CataclyV*
15-01-2021,174.55375,12.111944,NGC  3773,HII_G
16-01-2021,185.3865,14.606167,NGC  4298,GinPair
18-01-2021,191.8,13.900356,0,0
18-01-2021,168.950208,29.18825,SDSS J111551.41+291155.7,QSO
19-01-2021,172.54725,44.25525,NVSS J113012+441543,Radio
19-01-2021,182.681792,42.264225,0,0
20-01-2021,197.749458,51.487233,0,0
21-01-2021,80.48575,43.989444,2MASS J05215658+4359220,RGB*
22-01-2021,237.391917,70.348089,0,0
23-01-2021,201.696833,-47.479583,NGC  5139,GlCl
25-01-2021,215.303333,-62.698333,4U 1416-62,HMXB
27-01-2021,225.076875,-82.213694,IC 4499,GlCl
28-01-2021,172.54725,44.25525,NVSS J113012+441543,Radio
29-01-2021,182.681792,42.264225,0,0
30-01-2021,191.282583,45.44025,V* Y CVn,C*
30-01-2021,35.3775,39.366111,[T2015] nest 201849,PairG
02-02-2021,241.110625,40.683042,NGC  6058,PN
03-02-2021,197.749458,51.487233,0,0
04-02-2021,197.202917,-6.7775,NGC  4981,GinGroup
05-02-2021,99.135417,35.595361,V* V647 Aur,XB
06-02-2021,99.135417,35.595361,V* V647 Aur,XB
07-02-2021,114.535292,38.882444,Cl* NGC 2419    BSS     159,BlueStraggler
08-02-2021,129.684375,43.372275,TYC 2981-473-1,Star
10-02-2021,237.391917,70.348089,0,0
11-02-2021,84.395425,-70.194733,OGLE LMC-SC16 236301,RRLyr
11-02-2021,85.457556,-70.170906,2MASS J05415075-7009394,LPV*
11-02-2021,86.516968,-70.140823,2MASS J05460021-7008211,LPV*
11-02-2021,162.097917,-25.162056,[SUA2001] J104823.500-250942.98,Radio
12-02-2021,83.331199,-70.212284,OGLE LMC-LPV-68873,LPV*
12-02-2021,82.265509,-70.223543,OGLE LMC-SC3 233728,RRLyr
12-02-2021,81.198998,-70.228499,2MASS J05244964-7013275,LPV*
12-02-2021,94.992575,-10.637417,HD  44179,post-AGB*
13-02-2021,255.705667,-48.789667,V* V821 Ara,HMXB
13-02-2021,211.591208,22.396254,2MASX J14062191+2223462,Seyfert_1
15-02-2021,193.051921,-13.41472,NGC  4748,Seyfert_1
19-02-2021,191.8,13.900356,0,0
19-02-2021,186.481667,18.213889,NGC  4394,GinPair
20-02-2021,49.897333,-32.846167,CD-33  1173,Pec*
20-02-2021,48.724083,-14.731889,LP  772-81,PM*
21-02-2021,112.672708,24.085167,BD+24  1676,PM*
21-02-2021,87.203075,-68.889408,HD 270171,Star
21-02-2021,205.43575,47.690694,TYC 3466-1150-1,Pec*
21-02-2021,258.537667,58.818389,UGC 10774,LINER
23-02-2021,239.454167,-54.415,2S 1553-542,HMXB
24-02-2021,94.992575,-10.637417,HD  44179,post-AGB*
24-02-2021,220.329917,7.792994,LEDA   84268,Galaxy
26-02-2021,287.442083,-63.857528,NGC  6744,GinGroup
26-02-2021,272.68275,-27.963917,EM* AS  281,Symbiotic*
28-02-2021,274.281375,-56.023356,HD 167128,Be*
28-02-2021,272.462708,-27.766858,IRAS 18067-2746,Em*
02-03-2021,255.705754,-48.789767,V* V821 Ara,HMXB
04-03-2021,246.416125,40.801167,2MASS J16253988+4048041,AGN
05-03-2021,255.754261,-48.604031,0,0
05-03-2021,255.981332,-48.73965,3FGL J1703.9-4843,gamma
05-03-2021,255.899417,-48.972779,0,0
05-03-2021,226.004975,10.437716,Mrk  841,Seyfert_1
06-03-2021,246.416125,40.801167,2MASS J16253988+4048041,AGN
07-03-2021,241.382667,17.80725,2XMM J160531.8+174825,Seyfert_1
08-03-2021,203.100833,11.106389,Mrk  789,AGN
09-03-2021,76.339345,-70.477508,OGLE LMC-RRLYR-4565,RRLyr
09-03-2021,77.417499,-70.50125,OGLE LMC-ECL-8900,EB*
10-03-2021,138.603125,11.940417,2MASS J09142473+1156255,Seyfert_2
10-03-2021,120.999833,9.979667,2MASS J08035997+0958469,Seyfert_2
11-03-2021,80.66219,-70.534169,OGLE LMC-ECL-14091,EB*
11-03-2021,289.625,-60.498889,UCAC2   5473773,Star
13-03-2021,81.744937,-70.532339,EROS2-star lm058-0m-14466,LPV*
